corp_code,stock_code,industry_code,corp_cls
00149293,000010,64121,E
00119195,000020,212,Y
00254045,000030,64121,E
00112378,000040,319,Y
00101628,000050,47119,Y
00117744,000060,65121,E
00126937,000070,64992,Y
00150244,000080,11122,Y
00145109,000100,212,Y
00148504,000110,64121,E
00113410,000120,493,Y
00148993,000140,64992,Y
00117212,000150,26221,Y
00133335,000180,71531,Y
01516933,0001A0,352,K
00109693,000210,20111,Y
00144818,000220,212,Y
00146083,000230,212,Y
00160047,000240,64992,Y
00128546,000250,212,K
00106641,000270,30121,Y
00126089,000300,303,Y
00113508,000320,64992,Y
00129411,000360,41221,E
00135917,000370,65121,Y
00110963,000380,41221,E
00129387,000390,20411,Y
00113562,000400,65121,Y
00120377,000420,28201,E
00111847,000430,303,Y
00149770,000440,46712,K
00104971,000470,65121,E
00148984,000480,2321,Y
00109286,000490,29210,Y
00924931,0004V0,259,K
01884065,0004Y0,649,K
00104768,000500,28302,Y
00128032,000520,212,Y
00103176,000540,65121,Y
00149026,000590,64992,Y
00148744,000610,65121,E
00116824,000640,64992,Y
00151395,000650,49220,Y
00164779,000660,2612,Y
00141307,000670,24213,Y
00104698,000680,46800,Y
00163691,000700,715,Y
00164478,000720,41221,Y
00145686,000760,467,Y
00134060,000790,50112,E
01829819,0007C0,58222,K
01869710,0007J0,70113,K
00101257,000800,41112,E
00139214,000810,65121,Y
00126229,000830,467,E
00166519,000850,29223,Y
00100939,000860,20411,Y
00160588,000880,20494,Y
00123541,000890,11122,Y
01294110,0008Z0,28123,K
00144252,000910,23311,Y
00147222,000950,13101,Y
00159573,000970,24131,Y
00160843,000990,2611,Y
01781999,0009K0,70113,K
00135999,001000,681,K
00134723,001020,171,Y
00148540,001040,64992,Y
00149947,001060,212,Y
00112970,001070,132,Y
00120872,001080,24123,Y
00871587,0010F0,2221,K
00185301,0010V0,27199,K
00120076,001120,4610,Y
00113243,001130,105,Y
00104519,001140,49301,E
00131434,001150,20202,E
00112068,001190,13109,E
01554508,0011A0,289,K
01279698,0011T0,28119,K
00131054,001200,66121,Y
00106395,001210,28410,Y
00114792,001230,649,Y
00138190,001250,468,Y
00107066,001260,41221,Y
00123772,001270,66121,Y
00163178,001280,66121,E
00112059,001290,66121,Y
00148328,001300,20202,E
00155498,001310,41112,E
00122472,001340,20131,Y
00126414,001360,212,Y
00152914,001370,1419,E
00152039,001380,303,Y
00101220,001390,201,Y
01370322,0013V0,10211,K
00154055,001420,303,Y
00106669,001430,2411,Y
00113207,001440,28302,Y
00164973,001450,65121,Y
00122579,001460,14120,Y
00125974,001470,41221,Y
00151447,001490,46417,E
00137997,001500,66121,Y
00131850,001510,66121,Y
00117337,001520,23322,Y
00118345,001530,46103,Y
00139205,001540,212,K
00148948,001550,20312,Y
00148461,001560,23992,Y
00106119,001570,201,Y
00135670,001580,28410,E
00146719,001590,13212,E
00677486,0015G0,273,K
01381805,0015N0,20423,K
01817920,0015S0,739,K
00173397,001600,41221,E
00114765,001620,303,Y
00149354,001630,212,Y
00101275,001670,13212,E
00121941,001680,108,Y
00136721,001720,66121,Y
00131780,001740,467,Y
00162416,001750,66121,Y
00137809,001770,24199,Y
00117027,001780,24222,Y
00113234,001790,105,Y
01596221,0017J0,29299,K
00117577,001800,649,Y
00121507,001810,171,K
00129350,001820,26291,Y
00138491,001830,2612,E
00145668,001840,411,K
00128971,001880,411,E
00141282,001890,33201,E
00159740,001940,241,Y
00107923,001950,1710,E
00173661,001970,41221,E
00113696,001980,41221,E
00159005,002000,64992,E
00152862,002020,64992,Y
00138701,002030,715,Y
00107677,002070,14120,Y
00101433,002100,2032,Y
00102751,002140,10520,Y
00114552,002150,72121,Y
00127042,002170,15110,Y
00158112,002200,1721,Y
00116268,002210,212,Y
00163196,002220,2419,Y
00155638,002230,27214,K
00103006,002240,2411,Y
00105244,002250,21212,E
00120508,002270,10422,E
00127936,002290,411,K
00159412,002300,1710,E
00138729,002310,172,Y
00163512,002320,49309,Y
00173874,002350,221,Y
00136457,002360,201,Y
00105271,002380,20411,Y
00161046,002390,212,Y
00122694,002410,411,Y
00133618,002420,477,Y
00127857,002450,33201,Y
00174527,002460,41112,Y
00122728,002480,13213,E
00122922,002530,41112,E
00103325,002540,10895,E
00120216,002550,65121,E
00149345,002600,108,Y
00148443,002620,715,Y
00141626,002630,212,Y
00115472,002670,24121,E
00140566,002680,105,K
00118451,002690,24122,Y
00173698,002700,46521,Y
00117300,002710,24191,Y
00104722,002720,212,Y
00123107,002760,2049,Y
00150828,002780,41221,Y
00154462,002790,20423,Y
00136448,002800,212,K
00127167,002810,46739,Y
00132211,002820,22232,Y
00121932,002840,204,Y
00141334,002850,06200,E
00130897,002860,64121,E
00137368,002870,467,Y
00149804,002880,303,Y
00117230,002900,29210,Y
00174004,002920,303,Y
00125406,002930,46413,E
00115852,002950,41221,E
00158149,002960,19221,Y
00106313,002990,41112,Y
00123718,003000,212,Y
00165343,003010,465,Y
00107446,003020,13922,E
00124197,003030,64992,Y
00163044,003040,21212,E
00110547,003050,28302,E
00101044,003060,212,Y
00152880,003070,41221,Y
00132725,003080,2032,Y
00111810,003090,212,Y
01885222,0030R0,642,Y
00131896,003100,52942,K
00146214,003120,212,Y
00118275,003160,27212,Y
00112004,003190,21100,E
00146269,003200,13101,Y
00111999,003220,212,Y
00126955,003230,108,Y
00153393,003240,20501,Y
00167208,003280,50112,Y
00162993,003300,23311,Y
00112457,003310,109,K
00115038,003330,66121,E
00160621,003350,20423,Y
00148364,003380,64992,K
00138224,003410,23311,E
00164876,003450,66121,E
00145190,003460,66121,Y
00117601,003470,66121,Y
00163673,003480,352,Y
00113526,003490,511,Y
00141149,003520,212,Y
00148610,003530,66121,Y
00110893,003540,66121,Y
00120021,003550,64992,Y
00154426,003560,591,E
00134477,003570,30331,Y
00169048,003580,471,Y
00103583,003590,14111,E
00144155,003600,64992,E
00122348,003610,132,Y
00138242,003620,301,Y
00140380,003640,24122,E
00122056,003650,19221,Y
00102821,003660,23311,E
00155276,003670,282,Y
00161860,003680,10211,Y
00113191,003690,65200,Y
00127255,003720,2221,Y
00150439,003780,2225,Y
01902990,0037T0,66199,K
00140052,003800,32029,K
00113544,003830,20501,Y
00123143,003850,212,Y
00164292,003900,10421,E
00107598,003920,104,Y
00124513,003930,14111,E
00132105,003940,108,E
00109718,003960,10211,Y
00136235,003990,46800,E
01379129,0039P0,713,K
00157681,004000,20119,Y
00121729,004010,47111,E
00145880,004020,2411,Y
00133511,004060,46800,Y
00173795,004080,4659,Y
00157991,004090,23999,Y
00153755,004100,303,Y
00109170,004130,2622,E
00115287,004140,529,Y
00171636,004150,64992,Y
00136378,004170,47111,Y
00147949,004190,2629,E
01910324,0041B0,66199,K
01906552,0041J0,661,K
01906598,0041L0,66199,K
00102681,004200,41221,E
00133928,004230,25931,E
00108038,004250,22232,Y
00172185,004270,46799,Y
00164706,004310,212,Y
00144766,004320,41221,E
00133812,004360,49301,Y
00108241,004370,108,Y
00127802,004380,29141,Y
00130879,004410,108,Y
00134963,004430,20499,Y
00109806,004440,23325,Y
00129235,004450,25991,Y
00133858,004490,28202,Y
01910759,0044K0,66199,K
00117382,004510,29162,E
00151252,004530,1090,E
00113492,004540,171,Y
00161028,004550,45110,E
00125743,004560,24122,Y
00156442,004590,478,K
00128759,004620,14111,E
00123523,004650,11121,K
00115427,004660,10520,E
00128555,004690,35200,Y
00148939,004700,15110,Y
00157399,004710,26299,Y
00135050,004720,212,Y
00123152,004740,32029,E
00138057,004770,262,Y
00109587,004780,25991,K
00106492,004790,26,E
00117188,004800,649,Y
00174305,004820,467,E
00114093,004830,22214,Y
00118266,004840,221,Y
00109514,004870,23325,Y
00172936,004890,24113,Y
00148920,004910,20411,Y
00127158,004920,26529,Y
00158909,004940,64121,E
00162063,004960,41112,Y
00135962,004970,03111,Y
00132804,004980,23311,Y
00120562,004990,64992,Y
00156488,005010,2413,Y
00124151,005030,30310,Y
00129989,005070,204,Y
00125150,005090,351,Y
00163716,005110,465,Y
00172680,005160,24122,K
00124726,005180,104,Y
00116356,005190,201,E
00108135,005250,715,Y
00109019,005270,64121,E
00124106,005280,64121,E
00118804,005290,20129,K
00120571,005300,11209,Y
00168331,005320,46413,Y
00106650,005330,30,E
00123648,005350,29230,E
00121288,005360,46452,Y
00164742,005380,30121,Y
00136341,005390,467,E
00160302,005420,2049,Y
00156691,005430,52939,Y
00105280,005440,64992,Y
00173740,005450,41121,E
00155319,005490,2411,Y
01931585,0054V0,6619,K
00128412,005500,212,Y
00140362,005560,28302,E
00149840,005600,17105,E
00125530,005610,108,Y
00110495,005620,715,E
00165103,005670,1030,K
00127200,005680,26291,Y
00145163,005690,262,Y
00111874,005710,303,K
00167192,005720,221,Y
00153126,005740,64992,Y
00109754,005750,23222,Y
00165200,005760,1419,E
00136624,005800,14120,Y
00155531,005810,64992,Y
00143794,005820,13225,Y
00159102,005830,65121,Y
00125521,005850,303,Y
00162911,005860,109,K
00111421,005870,2642,Y
00113535,005880,50112,Y
00162142,005890,66121,E
00117072,005900,41221,E
00126380,005930,264,Y
00120182,005940,66121,Y
00145552,005950,20111,Y
00115612,005960,412,Y
00133238,005980,41221,E
00120924,005990,104,K
00118026,006040,64992,Y
00104537,006050,231,K
00166227,006060,46800,Y
00106508,006070,10602,E
00141875,006090,102,Y
00126779,006110,24222,Y
00131832,006120,64992,Y
00155735,006140,27112,K
00136217,006150,2622,E
00159254,006200,64992,Y
00142698,006210,26,E
00148832,006220,64121,Y
00105165,006250,28302,E
00105952,006260,64992,Y
00129679,006280,212,Y
00260392,006340,28302,Y
00147295,006350,64121,E
00120030,006360,4111,Y
00108977,006370,47111,Y
00159810,006380,20119,Y
00164672,006390,23311,E
00126362,006400,28202,Y
00162780,006440,4111,E
00122825,006490,612,Y
00109824,006570,25993,Y
00111227,006580,1710,E
00116499,006600,21212,E
00114686,006620,212,K
00260383,006650,20111,Y
00126201,006660,30399,Y
00130383,006730,551,K
00141404,006740,172,Y
00101992,006750,29172,E
00111722,006800,66121,Y
00125080,006840,64992,Y
00136402,006880,46201,Y
00109161,006890,20121,Y
01933981,0068Y0,66199,K
00267881,006910,2511,K
00163318,006920,23322,K
00142661,006980,105,Y
00128731,007050,29230,E
00140177,007070,47122,Y
01921199,0070X0,29299,N
00146296,007110,466,Y
00104786,007120,620,Y
00117638,007150,26,E
00124799,007160,102,Y
00137702,007190,171,E
01935183,0071M0,66199,K
00150855,007200,64131,E
00122898,007210,23999,Y
00124090,007280,24121,Y
01934935,0072Z0,66199,K
00141529,007310,108,Y
00124805,007330,64132,K
00116949,007340,28202,Y
00150536,007370,212,K
00117276,007390,211,K
00152385,007460,212,Y
00113173,007480,24222,E
00154204,007490,13401,E
00140858,007530,259,K
00130091,007540,64992,Y
00146454,007570,212,Y
00115384,007590,2032,Y
00131939,007610,28123,Y
00167280,007630,461,E
00111014,007640,64132,E
00107613,007660,2622,Y
00111838,007680,41112,K
00104388,007690,20111,Y
00126487,007700,64992,Y
00104810,007720,468,K
00267979,007770,201,K
00189343,007800,64131,E
00152686,007810,2622,Y
00137915,007820,29169,K
00124054,007830,64132,E
00163114,007860,64992,Y
00108047,007910,20202,E
00154329,007980,141,Y
00148717,008000,20501,E
00101336,008020,35200,E
00130000,008030,1419,E
00137252,008040,105,Y
00109189,008060,64992,Y
00126885,008080,27,E
00157104,008110,264,E
00124577,008120,26,E
00145446,008250,16211,Y
00116301,008260,2419,Y
00260356,008270,64911,E
00144021,008290,14111,K
01782183,0082N0,70113,K
00110176,008320,28302,E
00133715,008340,24222,E
00107224,008350,24222,Y
00144012,008370,22212,K
00150226,008400,30203,E
00121570,008420,2419,Y
00124276,008470,25130,K
00131692,008490,2049,Y
00146542,008500,133,E
00154189,008540,14120,E
00163682,008560,66121,E
00104999,008600,46413,Y
00138321,008670,66121,E
00138516,008700,265,Y
00127024,008720,29299,E
00145260,008730,22231,Y
00165680,008770,47859,Y
00119362,008780,2629,E
00164362,008800,108,E
00109310,008830,292,K
00168401,008870,23192,Y
01958111,0088D0,66199,K
01780608,0088M0,27112,K
00138127,008900,28302,E
00161426,008930,64992,Y
00117629,008970,2413,Y
00173634,009010,85501,E
00103042,009070,49301,Y
00154417,009080,23192,E
00102140,009140,2629,Y
00126371,009150,2622,Y
00138260,009160,24113,Y
00140946,009180,5299,Y
00111111,009190,24122,Y
01945339,0091W0,6619,K
00136086,009200,171,Y
00101637,009220,2642,E
00161693,009240,46431,Y
00136864,009270,14112,Y
00130046,009280,26,E
00103592,009290,21220,Y
00126788,009300,212,K
00153621,009310,29271,Y
00111689,009320,303,Y
00151614,009360,46800,E
00149248,009380,17105,E
01947072,0093G0,66199,K
00153861,009410,41221,Y
00162586,009420,212,Y
00159971,009440,64992,Y
00101488,009450,28520,Y
00163761,009460,171,Y
00129271,009470,26291,Y
00128111,009520,24199,K
00164830,009540,64992,Y
00119007,009580,171,Y
00125822,009620,24222,K
00151128,009680,303,Y
00159908,009690,28302,E
01946532,0096B0,64999,K
01946596,0096D0,66199,K
00159175,009720,231,E
00116426,009730,2413,K
00159874,009760,64992,E
00128227,009770,171,Y
00121154,009780,108,K
00130037,009790,2622,E
01949469,0097F0,66199,K
00103130,009810,467,Y
00162461,009830,20111,Y
00120960,009890,2642,E
01949140,0098T0,66199,K
00173078,009900,303,Y
00110981,009940,2629,E
00140964,009970,64992,Y
01948220,0099W0,66199,K
01949584,0099X0,66199,K
00160205,010040,2321,Y
00104102,010050,64919,E
00148896,010060,64992,Y
00164308,010090,47121,E
00160418,010100,303,Y
00105855,010120,28121,Y
00102858,010130,24213,Y
00126478,010140,3111,Y
00159926,010150,2629,E
00113261,010170,283,K
01949195,0101C0,66199,K
00105183,010200,15110,E
00167031,010240,29241,K
00138303,010280,62021,K
00143262,010400,422,Y
00103626,010420,467,E
00156521,010460,66199,E
00141671,010470,71310,K
00164469,010520,2413,E
00147860,010580,303,Y
01954832,0105P0,66199,K
00141273,010600,461,E
00164609,010620,3111,E
00160375,010640,22259,Y
00166500,010660,29223,Y
00268437,010670,27212,E
00166315,010690,30391,Y
00105509,010730,13103,E
00155124,010770,303,Y
00115977,010780,2332,Y
00148522,010820,252,Y
00138279,010950,19210,Y
00128980,010960,421,Y
00118521,011000,212,Y
00152950,011020,20202,E
00101549,011040,212,K
00159281,011050,2642,E
00105961,011070,262,Y
00142713,011080,1419,K
00139764,011090,32021,Y
00129013,011150,108,Y
00102760,011160,41112,E
00165413,011170,20111,Y
00164645,011200,50112,Y
00106623,011210,303,Y
00129280,011230,265,Y
00153524,011280,1721,Y
00132868,011300,13213,Y
00147152,011320,303,K
00137207,011330,303,Y
00131504,011370,41112,K
00124027,011390,23322,Y
00173069,011400,30320,E
00129554,011420,911,Y
00160861,011500,20421,Y
00133876,011560,422,K
01957909,0115H0,66199,K
00144720,011690,2611,Y
00162072,011700,29132,Y
00164955,011720,20411,E
00164812,011760,46800,Y
00106368,011780,201,Y
00139889,011790,204,Y
01755259,0117P0,474,K
00122436,011800,24122,E
00138297,011810,46800,Y
00136271,011930,2612,Y
00163345,012030,62021,Y
00133034,012090,41221,E
01965333,0120G0,212,Y
00141477,012160,24123,Y
00145437,012170,591,Y
00102618,012200,291,Y
00125664,012210,25912,K
00142591,012250,25992,E
00141413,012280,303,Y
00143527,012320,649,Y
00164788,012330,303,Y
00105040,012340,303,K
00153551,012400,26429,E
00102645,012410,2611,E
00161639,012420,64919,E
00126566,012450,31321,Y
00143013,012460,26,E
00172291,012510,62022,Y
00132488,012580,4741,E
00151863,012600,29180,E
00102113,012610,20132,Y
00143907,012620,24123,K
00164636,012630,649,Y
00138206,012650,41221,E
00173102,012690,17902,Y
01965324,0126Z0,64992,Y
00117708,012700,46712,K
00100957,012720,4111,E
00158501,012750,75320,Y
00116806,012760,30,E
00137058,012790,212,K
00112651,012800,24221,Y
00137234,012860,303,K
00120100,012990,20111,E
01963140,0129K0,661,K
00134176,013000,467,Y
00165060,013030,241,K
01963520,0130D0,661,K
01965698,0130H0,661,K
00117966,013120,41112,K
01964246,0131D0,66199,K
00142564,013200,4111,E
00134051,013240,26,E
01985203,0132G0,649,K
00139083,013310,303,K
00138695,013340,2413,E
00146232,013360,41221,Y
00165529,013450,20111,E
01976418,0134X0,66199,K
00166272,013520,303,Y
00117179,013570,64992,Y
00102432,013580,412,Y
00114321,013650,14112,E
00129420,013700,41121,Y
00151605,013720,303,K
00267951,013780,2629,E
00136165,013810,29229,K
00156354,013870,303,Y
00150633,013890,320,Y
00138446,013990,46414,K
00111591,014010,2612,E
00267854,014100,468,K
00129509,014130,49301,Y
00111458,014160,1721,Y
00128175,014190,46739,K
00103635,014200,301,E
00105299,014280,2413,Y
00132114,014300,1090,E
00136970,014350,4111,E
00128953,014420,26,E
00140779,014440,2225,Y
00243067,014470,681,K
00105156,014530,19221,Y
00103015,014570,212,K
00122481,014580,23312,Y
00106456,014590,91249,E
00132318,014620,24133,K
00140955,014680,20129,Y
00124780,014710,102,Y
00161116,014790,41221,Y
00132637,014820,222,Y
00159786,014830,20129,Y
00125929,014900,68112,E
00132628,014910,26291,Y
00141608,014940,291,K
00127875,014950,21212,K
00125488,014970,17223,K
00106881,014990,14112,Y
00134565,015020,68121,Y
00140919,015050,26211,E
00149664,015110,41112,E
00149877,015170,21230,E
00133089,015200,2413,E
00112679,015230,303,Y
00143314,015260,2622,Y
00123967,015350,35200,E
00105101,015360,715,Y
00191108,015390,20491,E
00108065,015540,759,E
00108746,015590,29176,Y
00150183,015670,26,E
00187725,015710,26410,K
00132992,015750,303,K
00159193,015760,35120,Y
00146649,015860,64992,Y
00153339,015890,20129,Y
00114303,015940,61210,E
00165565,016040,30,E
00113614,016090,14112,Y
00180263,016100,172,K
00131328,016140,68112,E
00109648,016160,26,E
00130949,016170,182,E
00141246,016250,4112,K
00104856,016360,66121,Y
00115676,016380,24122,Y
00116860,016420,66121,E
00161976,016450,1419,Y
01987779,0164H0,66199,K
00173333,016510,47111,E
00130815,016560,64131,E
00154392,016570,10897,E
00166573,016580,212,Y
00135777,016590,172,Y
01989041,0165X0,66199,K
00267942,016600,649,K
00115694,016610,66121,Y
00125725,016670,467,K
00108940,016710,715,Y
00119672,016740,303,Y
00164618,016790,109,K
00161709,016800,32029,Y
00161444,016830,64121,E
00143651,016880,64992,Y
00111829,016890,21100,E
00152260,016920,465,K
00140353,016970,25119,E
00105767,016990,2629,E
00136925,017000,41112,K
00158839,017010,27214,E
00103662,017040,28123,Y
00136554,017050,59111,E
00103121,017160,1090,E
00188946,017170,591,E
00121039,017180,212,Y
00145914,017250,265,K
00152631,017300,26,E
00142883,017370,292,Y
00130684,017390,35200,Y
00128926,017480,2419,K
00133751,017510,2599,K
00135111,017550,29241,Y
00109781,017650,179,K
00159023,017670,61220,Y
00112819,017680,141,E
00164724,017800,29162,Y
00155355,017810,108,Y
00108612,017860,204,Y
00158565,017890,204,K
00152729,017900,2612,Y
00165583,017940,46713,Y
00159795,017960,2512,Y
00144243,018000,29119,K
00170877,018120,11121,K
00153852,018180,2642,E
00139454,018250,20422,Y
00126186,018260,62021,Y
00150165,018290,204,K
00125646,018310,2511,K
00174475,018410,25932,E
00149239,018470,24222,Y
00118008,018500,303,Y
00103547,018620,21230,K
00144164,018670,46713,Y
00131018,018680,2121,K
00122205,018700,464,K
00161125,018880,29172,Y
00101947,018890,2229,E
00267906,019010,47111,K
00173324,019120,291,E
00137359,019170,212,Y
00118965,019180,289,Y
00139719,019210,25934,K
00162577,019260,13101,E
00118460,019300,1710,E
00267809,019430,64209,E
00133991,019440,24122,E
00156150,019490,265,Y
00146560,019540,303,K
00156910,019550,64209,K
00162081,019560,64209,E
00110750,019570,64209,K
00136642,019590,64209,E
00167378,019640,42,E
00159731,019660,468,K
00108913,019680,851,Y
00153278,019770,292,K
00106483,019930,2642,E
00169215,019990,29133,K
00188089,020000,14112,Y
00154727,020070,46510,E
00140131,020120,631,Y
00113997,020150,2629,Y
00110875,020180,62021,K
00191287,020400,24312,K
00138792,020560,511,Y
00170026,020710,732,K
00198697,020760,261,Y
00166175,021040,24123,K
00131197,021050,243,Y
00161301,021060,64209,E
00161462,021080,64209,K
00170558,021240,969,Y
00105466,021320,41112,K
00139418,021570,26293,E
00160010,021650,2229,K
00134316,021820,303,Y
00136101,021880,64911,K
00161408,021960,64911,E
00155212,022100,72129,Y
00140061,022220,22211,K
00186540,022520,58221,E
00191588,023000,303,Y
00198572,023020,28519,E
00121534,023150,11121,Y
00153375,023160,2413,K
00159500,023350,72121,Y
00184667,023410,23322,K
00144933,023420,23322,E
00100717,023430,467,E
00148531,023440,24121,K
00115065,023450,201,Y
00149266,023460,649,E
00120526,023530,47111,Y
00176914,023590,631,Y
00125938,023600,171,K
00104892,023670,28303,E
00149594,023760,64911,K
00138367,023770,582,K
00172945,023790,24121,K
00103510,023800,30310,Y
00180795,023810,303,Y
00159290,023890,28202,E
00155452,023900,11121,K
00113128,023910,212,K
00121969,023960,41225,Y
00167004,024060,46712,K
00142865,024070,22299,Y
00177199,024090,2419,Y
00174129,024100,64131,E
00149646,024110,64121,Y
00157539,024120,303,K
00156044,024660,64992,E
00203290,024720,64992,Y
00162832,024740,303,K
00173999,024800,492,K
00145738,024810,2811,E
00173591,024830,303,K
00158024,024840,242,K
00155586,024850,2629,K
00144562,024870,259,E
00157636,024880,259,K
00112022,024890,22214,Y
00114154,024900,303,Y
00102353,024910,30331,K
00133557,024940,464,K
00128607,024950,46465,K
00191472,025000,20119,Y
00124018,025270,131,E
00203023,025320,2629,K
00116073,025340,64209,E
00110583,025440,265,K
00173254,025450,64131,E
00197324,025460,73901,E
00181943,025530,452,Y
00157070,025540,2812,Y
00158015,025550,24123,K
00197759,025560,27219,Y
00104704,025610,64131,E
00136776,025620,204,Y
00203458,025690,28410,E
00203582,025750,161,Y
00159342,025770,61299,K
00145464,025820,24221,Y
00160445,025830,13213,E
00160612,025850,20119,E
00107987,025860,20312,Y
00136004,025870,463,K
00101752,025880,109,K
00159564,025890,292,Y
00173032,025900,16212,K
00183914,025920,2419,E
00207542,025930,2642,E
00116408,025950,41221,K
00114215,025970,24222,E
00161781,025980,551,K
00120289,026040,331,K
00186939,026150,412,K
00200956,026180,62021,E
00133317,026220,47813,E
00113632,026230,2922,E
00127370,026250,25112,E
00207223,026260,468,E
00114826,026540,64209,E
00112907,026870,35200,E
00117498,026890,64201,Y
00104120,026910,24121,K
00123781,026940,2413,Y
00144395,026960,4632,Y
00110060,026970,64132,E
00130587,027040,281,K
00152589,027050,20423,K
00208374,027350,26410,E
00156895,027360,649,K
00117258,027390,47111,E
00219097,027410,64992,Y
00172103,027440,28202,E
00129615,027580,222,K
00110079,027700,47111,E
00192499,027710,109,K
00204208,027740,1012,Y
00109037,027830,64209,K
00156734,027840,2612,E
00133706,027970,171,Y
00111865,028040,461,E
00126308,028050,72129,Y
00219440,028080,620,K
00121251,028090,1089,E
00178754,028100,421,Y
00207755,028150,602,E
00149655,028260,467,Y
00199252,028300,213,K
00122737,028670,50112,Y
00209780,029460,27216,Y
00186452,029480,26410,K
00135795,029530,263,Y
00126292,029780,64913,Y
00197476,029960,353,E
00148276,030000,71310,Y
00200761,030030,73201,E
00158325,030190,63991,Y
00190321,030200,612,Y
00156859,030210,661,Y
00100258,030270,13101,E
00230036,030350,5821,K
00268020,030390,46599,E
00228916,030420,63991,E
00204262,030520,582,K
00216647,030530,201,K
00113359,030610,66121,Y
00118044,030720,03111,Y
00273615,030790,620,E
00123514,030950,18113,E
00139685,030960,1811,K
00104467,031150,64121,E
00112998,031210,65122,Y
00200910,031310,612,K
00128661,031330,4659,K
00198378,031390,21100,E
00234412,031430,4741,Y
00274933,031440,561,Y
00175173,031510,303,K
00267997,031800,2611,E
00186559,031820,6201,Y
00180865,031860,46800,K
00136095,031920,64132,E
00130860,031950,263,E
00267775,031960,14111,E
00218654,031970,263,E
00208444,031980,29271,K
00110307,031990,3111,E
00107358,032030,46493,E
00173731,032040,759,E
00194372,032050,26410,E
00201131,032080,13402,K
00148188,032150,64132,E
00145534,032180,2629,E
00238782,032190,46510,K
00127909,032280,49309,K
00183215,032290,26410,E
00187770,032300,212,K
00231372,032350,75210,Y
00231521,032380,58221,E
00244871,032390,61220,E
00229818,032420,2642,E
00226352,032500,2642,K
00201733,032540,265,K
00218575,032560,24290,Y
00101442,032570,26310,E
00189538,032580,2611,K
00119733,032590,2642,E
00231567,032600,58221,E
00179832,032610,75310,E
00220057,032620,58221,K
00231363,032640,61220,Y
00204226,032680,639,K
00307897,032710,64913,E
00173351,032750,264,K
00110884,032790,46510,K
00231691,032800,901,K
00231044,032820,281,K
00126256,032830,65110,Y
00231707,032850,58221,K
00205687,032860,383,K
00200798,032930,2642,E
00210980,032940,4659,K
00199076,032960,2629,K
00232089,032980,463,E
00206084,033020,24122,E
00232317,033030,26,E
00222435,033050,204,K
00185356,033100,2811,K
00194275,033110,471,E
00231442,033130,631,K
00121686,033160,262,K
00158219,033170,2612,K
00193009,033180,2629,E
00130204,033190,2219,E
00241209,033200,2629,K
00267793,033210,2811,E
00107303,033220,24222,E
00229021,033230,62021,K
00146861,033240,26292,Y
00125576,033250,303,Y
00225140,033260,15121,E
00158963,033270,212,Y
00206127,033280,58221,E
00155948,033290,474,K
00143226,033310,26299,K
00223513,033320,46510,K
00119423,033330,22214,E
00205003,033340,14120,K
00244419,033430,292,E
00231105,033500,201,K
00134510,033530,303,Y
00105138,033540,292,K
00268011,033550,46711,E
00238001,033560,26529,K
00264787,033600,303,E
00243988,033630,61210,E
00227333,033640,261,K
00209443,033660,64911,E
00257194,033720,58221,E
00244455,033780,12000,Y
00276083,033790,282,K
00204642,033830,60210,K
00244589,033850,58222,E
00244862,033880,14120,E
00121543,033920,11122,Y
00251482,034010,85503,E
00159616,034020,29119,Y
00130772,034120,60210,Y
00105873,034220,2621,Y
00171265,034230,91249,Y
00217947,034300,4112,E
00158316,034310,715,Y
00240398,034510,64209,E
00145862,034590,35200,Y
00251190,034600,58221,E
00211271,034660,27111,E
00181712,034730,64992,Y
00255071,034750,60222,E
00219361,034810,649,K
00233653,034830,642,Y
00231831,034940,212,K
00156956,034950,75993,K
00140168,035000,71310,Y
00134909,035010,467,E
00244561,035080,479,K
00122551,035150,22214,Y
00356389,035200,22211,K
00244729,035210,60222,E
00255619,035250,91249,Y
00220552,035270,2642,E
00249502,035290,581,K
00223346,035400,58221,E
00266961,035420,63120,Y
00249034,035430,61210,E
00259439,035450,62021,E
00258421,035460,2642,K
00255141,035480,46595,E
00255309,035500,59111,E
00219486,035510,62021,Y
00264547,035600,58221,K
00249982,035610,715,K
00259590,035620,591,K
00259493,035710,47919,E
00258801,035720,63120,Y
00265324,035760,602,K
00259916,035780,26410,E
00242378,035810,109,K
00246383,035830,90191,E
00261601,035870,13992,E
00219848,035890,4112,K
00258689,035900,59201,K
00258731,035910,26310,E
00242439,035950,2511,E
00265157,035960,27111,E
00259934,036000,58113,K
00138598,036010,26293,K
00244932,036020,26410,E
00260958,036030,461,K
00277985,036060,66199,E
00258360,036090,29272,K
00260745,036120,63991,K
00232821,036170,2612,K
00257149,036180,4659,E
00176516,036190,423,K
00260569,036200,29271,K
00255840,036210,26211,E
00260657,036220,271,K
00122339,036260,591,E
00237260,036270,2642,E
00188122,036280,10899,E
00260903,036360,58221,E
00203315,036420,591,Y
00261285,036460,35200,Y
00177320,036480,21230,K
00110051,036490,20122,E
00267960,036500,201,E
00225159,036530,64992,Y
00301246,036540,2611,K
00221320,036550,26211,E
00141389,036560,29120,K
00261443,036570,582,Y
00260408,036580,105,Y
00325918,036590,291,E
00141440,036600,13219,E
00254009,036610,59114,E
00261009,036620,467,K
00268002,036630,423,K
00230911,036640,20201,K
00259606,036660,58111,E
00265041,036670,20421,K
00268118,036690,2642,K
00152127,036710,715,K
00260985,036720,58221,E
00265218,036760,263,E
00256292,036790,2642,E
00264945,036800,61299,K
00223434,036810,2629,K
00248956,036820,26410,E
00247975,036830,715,K
00165361,036840,70113,E
00208693,036850,2612,E
00247762,036880,26410,E
00174208,036890,29241,K
00154693,036900,29180,E
00241120,036910,2642,E
00240088,036920,46103,E
00252135,036930,29229,K
00247902,037010,263,E
00178471,037020,62090,E
00231354,037030,2811,K
00300256,037060,58221,E
00238153,037070,28519,K
00246189,037110,2642,E
00253514,037120,59112,E
00248691,037150,5821,E
00265254,037220,58221,E
00198192,037230,17223,K
00260693,037240,261,E
00260639,037250,2642,E
00249247,037270,631,Y
00261212,037320,46510,E
00265421,037330,26211,K
00241236,037340,2642,E
00216498,037350,721,K
00261054,037370,201,K
00164195,037380,141,E
00155692,037400,468,K
00236863,037440,72111,K
00128315,037460,2642,K
00277727,037500,64201,E
00297970,037510,64201,E
00259536,037540,27212,E
00314000,037550,58221,E
00222532,037560,60222,Y
00247939,037600,29293,E
00311030,037620,66121,E
00265227,037630,29180,E
00248053,037640,25114,E
00246815,037650,25932,E
00265263,037700,4659,E
00220561,037710,47111,Y
00255266,037730,26,E
00260888,037750,62021,E
00239596,037760,24122,K
00261188,037830,58221,E
00242712,037950,26291,K
00148595,038010,2511,K
00263955,038050,28901,E
00406329,038060,2612,K
00373447,038070,467,K
00260921,038100,58221,E
00139153,038110,30320,K
00266989,038120,27199,E
00334624,038160,63991,E
00261373,038290,73909,K
00261124,038320,58221,E
00215976,038340,262,E
00261355,038390,75210,K
00170451,038400,64913,E
00261461,038410,46510,E
00234555,038420,292,E
00240857,038460,26293,K
00239639,038500,239,K
00255105,038530,464,K
00306162,038540,620,K
00264228,038620,47711,K
00264635,038680,62021,K
00264556,038690,2622,E
00334615,038710,21212,E
00264802,038720,29271,E
00264769,038810,18200,E
00271431,038830,2642,E
00287812,038870,741,K
00252269,038880,262,K
00265342,038920,58221,E
00264732,038950,2642,K
00244330,038960,26310,E
00229827,038980,4610,E
00264644,038990,28202,E
00275710,039000,263,E
00255044,039010,26410,K
00184889,039020,161,K
00246417,039030,29271,K
00265078,039040,4659,E
00264839,039060,21100,E
00268181,039110,68112,E
00269940,039130,75210,Y
00263654,039200,212,K
00295370,039230,272,E
00206039,039240,24199,K
00243757,039290,639,K
00264671,039310,582,K
00263371,039340,60221,K
00267094,039350,27199,E
00270405,039390,2642,E
00246620,039420,61299,K
00298340,039440,29271,K
00296290,039490,66121,Y
00252755,039530,06200,E
00268251,039560,26410,K
00350312,039570,423,Y
00264185,039580,58221,E
00217743,039610,29133,K
00298687,039670,58121,E
00261957,039740,467,K
00261735,039790,204,E
00141556,039830,73203,K
00115931,039840,27192,K
00246347,039850,46,E
00230425,039860,27199,K
00222213,039870,26299,E
00369213,039980,620,K
00259855,039990,62021,E
00271413,040020,2642,E
00264529,040130,58221,E
00269889,040160,58221,K
00269773,040180,62021,E
00200275,040300,591,K
00346407,040350,620,K
00287788,040420,8550,K
00264714,040610,303,K
00248123,040670,28123,E
00262682,040740,59111,E
00298377,040910,29271,K
00269852,041020,58221,K
00257529,041030,5811,E
00264857,041060,58221,E
00266943,041140,5821,E
00231664,041190,6491,K
00263991,041310,58221,E
00269287,041320,46521,E
00228536,041440,29241,K
00269339,041450,62021,E
00361169,041460,58221,K
00291152,041500,21309,E
00260930,041510,59201,K
00137289,041520,272,K
00138376,041550,26293,E
00297448,041590,424,K
00352295,041630,58221,E
00129642,041650,303,Y
00287724,041800,26,E
00269922,041830,27199,K
00463342,041910,212,K
00273439,041920,27112,K
00199988,041930,2219,K
00294371,041940,2642,E
00187415,041960,212,K
00260879,042000,63112,K
00206686,042040,467,K
00297165,042100,2629,E
00171867,042110,28519,K
00264848,042340,46800,E
00103644,042370,64992,K
00266952,042420,582,K
00352499,042500,62021,K
00255433,042510,582,K
00349060,042520,213,K
00288653,042570,26,E
00147994,042600,2629,K
00111704,042660,3111,Y
00344287,042670,29241,E
00161383,042700,29271,Y
00264741,042820,2642,E
00268297,042870,46800,E
00232007,042940,411,K
00318839,042950,64201,E
00267021,042960,27215,E
00351454,043090,467,K
00220109,043100,27192,K
00264255,043150,271,K
00266934,043200,281,K
00317487,043220,292,K
00317210,043260,26291,K
00297961,043290,292,E
00203209,043340,29133,K
00295547,043360,263,K
00155151,043370,303,K
00222806,043580,262,E
00260611,043590,261,K
00223762,043610,603,K
00267474,043630,27112,E
00256715,043650,11111,K
00264796,043680,5911,E
00271352,043690,2642,E
00305570,043710,467,K
00264130,043790,4610,E
00270432,043890,60222,E
00418379,043910,233,K
00291860,044060,29133,E
00301015,044070,21212,E
00111218,044180,411,K
00293886,044340,28519,K
00268482,044370,58221,E
00269241,044380,26310,Y
00267669,044440,85691,E
00160232,044450,50112,Y
00173449,044480,901,K
00186799,044490,25912,K
00240370,044640,58221,E
00264103,044770,26292,E
00235183,044780,29221,K
00219574,044820,64992,Y
00145473,044960,467,K
00311216,044990,262,K
00272412,045050,28123,E
00220969,045060,20493,K
00216762,045100,721,K
00264981,045260,467,E
00263885,045290,2811,E
00350482,045300,2629,K
00303837,045310,2642,E
00355089,045340,58221,K
00295875,045380,58221,E
00318316,045390,289,K
00348140,045400,26,E
00264811,045470,27216,E
00147772,045510,46510,K
00185222,045520,291,K
00256502,045660,291,K
00369675,045710,64992,E
00347619,045760,58221,E
00318617,045820,61210,E
00344746,045880,26410,E
00455112,045890,284,E
00248406,045920,14112,E
00271501,045970,262,K
00318477,046000,62021,E
00295857,046070,303,K
00277736,046110,63112,E
00297989,046120,7291,K
00280688,046140,591,E
00172079,046210,21301,K
00268358,046240,58221,E
00360036,046310,2642,K
00252588,046320,46510,E
00250775,046350,2622,E
00301112,046390,59120,K
00263140,046400,26,E
00207436,046430,4659,E
00405278,046440,582,K
00334767,046720,2612,E
00252658,046810,26293,E
00343127,046840,75210,E
00130763,046890,2612,K
00363246,046940,421,K
00296005,046970,467,K
00124540,047040,41112,Y
00124504,047050,461,Y
00334244,047060,30,E
00348292,047080,5821,K
00269612,047310,2812,K
00325981,047370,2642,E
00369833,047400,23222,Y
00330017,047420,58221,E
00324104,047440,26211,E
00215107,047450,26321,E
00273420,047560,58221,K
00258944,047600,75210,E
00257361,047610,26,E
00348557,047710,2642,E
00304401,047730,2642,E
00329093,047770,141,K
00309503,047810,31311,Y
00299464,047820,59114,K
00336817,047920,70111,K
00329084,047940,1090,E
00345499,048130,46800,E
00320807,048140,28123,E
00384452,048150,2642,E
00341916,048260,27191,E
00328854,048270,5811,E
00313649,048410,204,K
00201742,048430,281,K
00275260,048460,2622,E
00109268,048470,467,K
00331760,048510,29271,E
00292434,048530,211,K
00309983,048540,62021,E
00185046,048550,713,K
00236368,048640,22214,E
00275808,048760,28202,E
00108649,048770,29142,K
00108490,048830,20202,K
00475985,048870,271,K
00351807,048910,467,K
00252393,049000,59201,E
00226866,049070,2642,K
00377018,049080,262,K
00350020,049120,26211,K
00352000,049130,58221,E
00310156,049180,211,K
00330406,049370,59130,E
00152783,049430,27219,K
00351579,049470,582,K
00335076,049480,62021,K
00256380,049520,2629,K
00261656,049550,20413,K
00147082,049630,27309,K
00331733,049690,715,E
00336297,049720,75993,K
00340917,049770,108,E
00303217,049800,292,Y
00135467,049830,259,K
00447760,049950,29271,K
00357430,049960,211,K
00262123,050050,26410,E
00369569,050090,713,K
00330044,050110,262,K
00175623,050120,46419,K
00245898,050320,259,E
00334493,050470,71399,E
00302078,050540,75991,E
00296069,050600,263,E
00439053,050640,58221,E
00340272,050760,222,K
00138747,050860,29210,K
00364403,050890,2642,K
00577016,050960,582,K
00389110,051160,58221,K
00202778,051170,29142,E
00181934,051310,41225,E
00390365,051360,265,K
00369170,051370,2622,K
00297934,051380,46510,K
00296263,051390,468,K
00297095,051490,292,K
00127954,051500,4632,K
00300779,051530,59201,E
00159218,051600,42311,Y
00347734,051630,22214,Y
00314888,051710,26211,E
00296324,051780,472,K
00347442,051810,28302,E
00247887,051820,29271,E
00356370,051900,20422,Y
00356361,051910,20111,Y
00347716,051980,264,K
00273110,052020,465,K
00347877,052190,901,E
00262275,052210,26410,E
00370006,052220,603,K
00347062,052260,204,K
00291231,052270,262,E
00348177,052290,2629,E
00349811,052300,468,K
00347363,052310,58221,E
00305297,052330,26519,K
00345657,052350,27214,E
00349732,052400,58221,K
00350048,052420,222,K
00405719,052460,620,K
00346966,052510,2049,E
00339063,052560,03112,E
00244783,052600,61299,K
00347840,052640,62021,E
00329677,052650,2642,E
00185505,052670,21230,E
00159209,052690,72129,Y
00298447,052710,2629,K
00346911,052770,582,K
00348034,052790,5821,K
00355292,052810,58221,E
00365758,052860,2611,K
00350251,052880,75999,E
00276834,052900,2224,K
00302236,052960,452,N
00362089,052970,59114,E
00375302,053000,64992,E
00216027,053030,212,K
00349468,053040,204,E
00351995,053050,35200,K
00133663,053060,303,K
00262044,053070,2642,E
00304076,053080,291,K
00352718,053110,631,E
00352064,053160,28123,K
00353683,053170,58221,E
00348788,053200,2812,E
00349097,053210,60229,Y
00348052,053250,263,E
00105475,053260,2419,K
00202060,053270,303,K
00362858,053280,4791,K
00363927,053290,5811,K
00306454,053300,58221,K
00350738,053320,46521,E
00356158,053330,29176,E
00353610,053350,58221,K
00208301,053440,29293,E
00351630,053450,273,K
00311298,053470,26410,E
00323868,053580,582,K
00355548,053590,264,E
00325112,053610,29271,K
00186717,053620,25991,K
00188715,053660,25912,E
00413523,053690,72111,Y
00351092,053700,303,K
00218052,053740,29271,E
00298270,053800,58221,K
00351047,053810,29271,E
00351269,053870,26429,E
00308948,053890,5811,E
00307028,053950,212,K
00226547,053980,582,K
00299376,054010,2629,E
00349787,054020,26292,E
00303396,054040,2629,K
00176835,054050,01123,K
00236021,054080,2642,E
00239514,054090,339,K
00359094,054120,2811,E
00350118,054150,46510,E
00300566,054170,62021,E
00356839,054180,31114,K
00206659,054210,262,K
00201432,054220,28123,K
00220446,054250,29176,E
00339072,054300,29169,K
00302120,054340,2642,E
00358730,054370,26410,E
00357607,054410,474,K
00356644,054440,29221,E
00423177,054450,2611,K
00267720,054530,72919,E
00250614,054540,2511,K
00296078,054620,64992,K
00356927,054630,339,E
00362380,054650,4659,E
00207375,054670,212,K
00353762,054780,59130,K
00234449,054790,29293,E
00359580,054800,71600,K
00363592,054920,58221,K
00144650,054930,72111,K
00360577,054940,424,K
00361381,054950,29192,K
00358545,055000,58221,E
00353735,055250,291,E
00256955,055490,2229,Y
00382199,055550,64992,Y
00367598,055810,2642,E
00364227,055970,62090,E
00361266,056000,582,E
00386557,056010,263,E
00364670,056020,27199,E
00305695,056060,2642,E
00234227,056080,292,K
00346610,056090,27192,K
00359614,056140,26410,E
00358271,056190,292,K
00335562,056200,58221,E
00361114,056340,2629,E
00360674,056360,26410,K
00350224,056500,263,E
00228350,056700,2229,K
00361035,056710,26410,E
00318662,056730,411,K
00351153,056810,26429,E
00358095,056850,58221,E
00307222,057030,857,K
00412597,057050,47919,Y
00350057,057100,58221,E
00366164,057110,62021,E
00301626,057330,26293,E
00307189,057500,2629,E
00265005,057540,272,K
00372688,057680,58222,K
00410739,057880,872,E
00270113,058110,271,K
00441128,058220,264,E
00372989,058370,46721,E
00208134,058400,60210,K
00359474,058420,59130,E
00155258,058430,2419,Y
00146427,058450,591,K
00369657,058470,2629,K
00252001,058480,24121,E
00353018,058530,63,E
00370547,058550,2642,E
00220686,058610,28111,K
00397058,058630,5821,K
00377610,058650,241,Y
00246657,058680,14112,E
00225210,058690,58221,E
00353878,058730,25112,Y
00380429,058820,212,K
00372882,058850,63991,Y
00372873,058860,63991,Y
00392600,058900,58221,E
00396925,058970,582,K
00366942,059090,261,K
00407285,059100,26211,K
00404288,059120,2611,K
00341314,059180,264,N
00317681,059210,213,K
00453442,059270,259,K
00348007,059720,63991,E
00386937,060000,64121,E
00375931,060150,38230,K
00363510,060230,204,K
00373571,060240,311,K
00357740,060250,661,K
00351375,060260,22211,K
00356802,060280,47812,K
00364795,060300,59112,E
00378363,060310,272,K
00225742,060370,423,K
00178851,060380,241,K
00377814,060410,73901,E
00203847,060480,24221,K
00379229,060540,27215,K
00360540,060550,14120,E
00288495,060560,467,K
00364467,060570,603,K
00362292,060590,212,K
00363033,060660,62021,E
00299686,060670,2811,E
00378628,060720,2629,K
00316488,060750,2642,E
00532129,060850,58221,K
00367695,060900,351,K
00353230,060910,01299,E
00299002,060980,64992,Y
00309831,061040,2642,K
00335924,061050,2642,E
01010615,061090,26429,K
00298252,061140,26,E
00188973,061250,212,K
00163619,061460,2221,E
00412348,061970,2612,K
00366438,062040,28112,Y
00408336,062580,108,E
00372013,062730,291,E
00261887,062860,2611,E
00403766,062970,26410,K
00535746,063080,582,K
00390055,063160,212,Y
00410915,063170,461,K
00336570,063280,58221,E
00375579,063350,2642,E
00367604,063440,182,K
00390028,063510,46800,E
00363769,063570,759,K
00374020,063760,27212,K
00359030,063840,58221,E
00367376,064060,29175,E
00390408,064090,468,K
00385336,064240,467,K
00389970,064260,582,K
00479787,064290,292,K
00302926,064350,31910,Y
00139834,064400,62021,Y
00399773,064420,20111,E
00359076,064480,58221,K
00127699,064510,292,E
00370255,064520,2612,K
00326731,064550,213,K
00368791,064720,2642,E
00245472,064760,23999,K
00392691,064800,474,K
00152437,064820,31114,K
00331016,064850,639,K
00386876,064900,68119,E
00398792,064960,303,Y
00258102,065060,141,K
00366845,065130,29272,K
00390860,065150,463,K
00389387,065160,20501,E
00384717,065170,463,K
00389679,065180,49301,E
00364926,065270,262,E
00307037,065310,15129,E
00388272,065340,26,E
00136226,065350,28519,K
00374738,065370,58221,K
00210537,065410,74100,E
00120906,065420,204,K
00390514,065440,58221,K
00385363,065450,27211,K
00300405,065500,303,K
00398668,065510,27199,K
00250137,065530,61299,K
00393469,065560,181,E
00288343,065570,26429,K
00245296,065610,20202,E
00201788,065620,24123,E
00391197,065650,465,K
00631837,065660,467,K
00390903,065680,2629,K
00384762,065690,221,K
00220622,065710,28123,K
00303703,065770,2642,K
00257051,065810,58221,E
00306986,065910,62021,E
00155382,065940,20132,E
00362159,065950,13219,K
00371519,066060,72129,E
00226228,066110,26329,E
00221728,066130,28519,K
00361202,066200,46521,E
00361725,066270,631,E
00224567,066300,22211,E
00411446,066310,2612,K
00405074,066330,75310,E
00385451,066340,2642,E
00397243,066350,292,E
00216434,066360,10121,K
00378220,066410,612,K
00370200,066430,467,K
00371139,066480,85701,E
00401731,066570,264,Y
00301422,066590,303,K
00253985,066620,424,K
00371740,066670,681,K
00251385,066690,2592,E
00249894,066700,212,K
00249441,066790,60222,K
00393618,066830,204,N
00397766,066850,27,E
00303192,066900,2622,K
00306870,066910,467,K
00317089,066930,21309,E
00398701,066970,28202,Y
00389998,066980,721,K
00397252,067000,5821,K
00400060,067010,620,K
00210740,067080,212,K
00419989,067130,62090,E
00399694,067160,582,K
00397289,067170,304,K
00109453,067250,3111,E
00425351,067280,85650,K
00110431,067290,212,K
00445054,067310,2611,K
00407036,067370,212,K
00409681,067390,31322,K
00146436,067570,30320,K
00365590,067630,213,K
00238199,067730,62090,K
00406727,067770,26211,K
00422895,067830,47111,Y
00417963,067850,59114,E
00190756,067900,38220,K
00398534,067910,68112,E
00364847,067920,639,K
00394574,067950,292,E
00449379,067990,451,K
00397191,068050,59114,K
00175650,068060,68112,E
00426828,068100,291,K
00394778,068150,424,E
00523307,068240,2811,K
00413046,068270,21100,Y
00423690,068290,5811,Y
00385415,068330,29171,K
00201450,068400,76110,E
00407975,068420,26,E
00301486,068630,2642,E
00541349,068760,212,K
00238913,068770,292,E
00361594,068790,292,K
00423609,068870,21212,E
00398808,068930,855,K
00308896,068940,26293,K
00405320,069080,5821,K
00402989,069110,20423,E
00410997,069140,25112,K
00426086,069260,2049,Y
00400121,069330,26211,K
00415707,069410,58221,K
00428729,069460,24222,Y
00428792,069470,63991,E
00306719,069510,26529,K
00367482,069540,264,K
00427483,069620,212,Y
00357360,069640,4741,Y
00151298,069730,24123,Y
00426068,069920,479,K
00428251,069960,47111,Y
00430089,070080,30,E
00683007,070300,58222,K
00446479,070480,29271,E
00425360,070540,68112,E
00470829,070590,62010,K
00365989,070960,55103,Y
00432102,071050,64992,Y
00435312,071090,2413,Y
00435969,071200,582,K
00363486,071280,292,K
00159698,071320,35300,Y
00252375,071360,26211,E
00300557,071460,28519,E
00416706,071530,15129,E
00126593,071660,2049,E
00384887,071670,29293,K
00158307,071840,47320,Y
00302582,071850,303,K
00183260,071930,2629,E
00210856,071950,320,Y
00406046,071970,29119,Y
00415327,072020,211,K
00416654,072130,631,Y
00451116,072430,2599,E
00436728,072450,68112,E
00359623,072470,303,K
00408956,072520,701,E
00408585,072530,2611,E
00459871,072710,64992,Y
00583026,072770,620,K
00422284,072870,581,K
00359261,072950,262,K
00527464,072990,72911,K
00328191,073010,29111,K
00235147,073070,303,E
00494218,073110,262,K
00441872,073130,58221,E
00407771,073190,32091,K
00481454,073240,221,Y
00458915,073470,68112,E
00462121,073490,2642,K
00459589,073530,68112,E
00442561,073540,2642,K
00413417,073560,101,K
00440712,073570,339,K
00373021,073640,25929,K
00493501,073710,631,E
00321222,073780,26,E
00453752,073930,58221,E
00447982,074000,68112,E
00302801,074130,26211,E
00463050,074140,26429,E
00418476,074150,42,E
00466428,074430,211,K
00468374,074600,2312,K
00469799,074610,29193,Y
00490179,075130,620,K
00305668,075180,303,Y
00415628,075580,31114,Y
00472890,075970,239,K
00487546,076080,411,K
00475532,076090,29272,E
00471989,076170,25933,E
00321204,076340,421,N
00483735,076610,273,K
00465410,076850,68112,E
00473400,077280,582,E
00471068,077360,261,K
00414601,077500,4659,Y
00451268,077960,29271,E
00480455,077970,29111,Y
00361488,078000,631,Y
00330424,078020,66121,K
00411385,078070,64992,K
00104573,078130,179,K
00442826,078140,212,K
00255275,078150,29272,K
00453929,078160,211,K
00476498,078340,5821,K
00488989,078350,2611,K
00475286,078420,71531,E
00400857,078520,20423,Y
00230814,078590,303,K
00177816,078600,2629,K
00450728,078610,2642,E
00477257,078650,27301,E
00537443,078670,26,E
00477372,078700,58221,E
00446460,078780,262,E
00543204,078860,591,K
00441304,078890,264,K
00500254,078930,64992,Y
00501970,078940,464,E
00455875,079000,22222,K
00303873,079160,59141,Y
00202839,079170,24229,K
00479705,079190,26422,K
00480844,079340,26211,E
00442570,079370,29271,K
00300548,079430,32029,Y
00176792,079440,65110,E
00503668,079550,25200,Y
00481223,079560,2629,E
00130408,079650,23322,K
00503899,079660,108,E
00445160,079810,289,K
00363325,079870,2622,E
00372129,079900,292,Y
00506294,079940,58221,K
00409371,079950,29272,K
00178790,079960,2811,K
00596260,079970,58221,K
00362238,079980,20501,Y
00455981,080000,292,E
00454399,080010,4610,K
00502474,080030,71531,E
00441298,080140,26,E
00456218,080160,75210,K
00502793,080180,76190,E
00447487,080220,2611,K
00504357,080410,71531,E
00480048,080420,474,K
00366793,080440,467,E
00486370,080470,303,K
00529815,080520,2612,K
00308559,080530,204,K
00508566,080570,41224,E
00543107,080580,262,K
00532855,080720,212,K
00505170,080960,71531,E
00505189,080970,71531,E
00505198,080980,71531,E
00508274,081000,204,Y
00582054,081090,2642,E
00497631,081150,242,K
00406222,081180,291,K
00505541,081190,76190,E
00505550,081200,76190,E
00505569,081210,76190,E
00481676,081220,2612,E
00535773,081500,58221,E
00364306,081580,2642,K
00195229,081660,464,Y
00510534,081930,76190,E
00510914,081940,76190,E
00584362,081970,58221,E
00510215,082110,71531,E
00327396,082210,273,K
00535719,082220,26422,E
00512550,082240,76190,E
00512541,082250,76190,E
00512532,082260,76190,E
00492894,082270,29271,K
00496003,082390,26211,E
00117267,082640,65110,Y
00442455,082660,204,K
00361008,082740,29111,Y
00533191,082800,212,K
00369107,082850,108,K
00154718,082920,28201,K
00525527,082930,2611,E
00518873,083120,71531,E
00521956,083160,64201,E
00484682,083310,29271,K
00529310,083350,761,E
00529523,083360,761,E
00526447,083370,761,E
00526465,083380,761,E
00526474,083390,761,E
00454946,083420,20421,Y
00540863,083450,29271,K
00475718,083470,201,K
00476036,083500,29272,K
00242934,083550,139,K
00533580,083570,76190,E
00533793,083580,76190,E
00533836,083590,76190,E
00533757,083600,76190,E
00533696,083610,76190,E
00533678,083620,76190,E
00475976,083640,468,K
00409788,083650,29176,K
00406037,083660,204,K
00407814,083790,70113,K
00442145,083930,29272,K
00113225,084010,2411,Y
00228059,084110,212,K
00540784,084160,64209,E
00243979,084180,29169,K
00538497,084240,71531,E
00531014,084370,29271,K
00531078,084440,582,K
00446831,084450,21100,E
00545114,084650,70113,K
00540641,084670,49220,Y
00540605,084680,331,Y
00539274,084690,64992,Y
00438036,084730,264,K
00507257,084810,29271,E
00579980,084850,2629,K
00409672,084870,141,Y
00359395,084990,70113,K
00172228,085310,2512,Y
00549925,085370,27199,E
00543073,085450,64201,E
00112332,085620,65110,Y
00525679,085660,211,K
00493510,085670,2622,K
00540021,085680,58221,E
00364254,085810,58222,K
00447928,085910,303,K
00461690,085980,20423,E
00480905,085990,29271,E
00447502,086040,70113,K
00491053,086060,462,K
00364111,086080,70113,E
00413824,086200,2642,E
00523176,086220,108,N
00166333,086250,29293,E
00360595,086280,5299,Y
00540447,086390,29271,K
00114808,086450,212,K
00548519,086460,70113,E
00536541,086520,64992,K
00524786,086670,29133,K
00132202,086710,20499,K
00543523,086720,68112,E
00547583,086790,64992,Y
00560982,086820,211,K
00317830,086830,264,E
00526872,086890,213,K
00580199,086900,211,K
00445841,086960,58221,K
00303794,086980,59130,K
00415868,087010,211,K
00454265,087220,2413,E
00556615,087260,582,K
00495086,087600,2629,K
00496225,087730,20202,E
00548865,088010,71531,E
00540304,088020,2611,E
00489243,088130,292,K
00544452,088260,68112,Y
00561723,088280,26129,K
00409140,088290,303,K
00407294,088340,58221,K
00113058,088350,65110,Y
00494476,088390,319,K
00554468,088510,64201,E
00450214,088700,25912,E
00557933,088790,467,Y
00556907,088800,2642,K
00560991,088810,2224,E
00228712,088910,10121,K
00355821,088960,263,E
00435297,088980,64201,Y
00371485,089010,204,K
00535676,089030,29271,K
00416414,089140,292,K
00441447,089150,62021,K
00557067,089170,71531,E
00557058,089180,71531,E
00557049,089190,71531,E
00557030,089200,71531,E
00519252,089230,639,K
00535588,089240,2612,E
00357935,089470,204,Y
00220181,089480,25912,E
00458562,089530,739,E
00555874,089590,511,Y
00486097,089600,71310,K
00365457,089790,29271,K
00592653,089850,58221,K
00545716,089860,76110,Y
00365934,089890,29271,K
00544577,089970,29271,K
00181299,089980,222,K
00573579,090080,303,Y
00581000,090090,4791,E
00491336,090120,263,E
00365624,090150,303,K
00583442,090350,20411,Y
00536523,090360,29280,K
00442835,090370,141,Y
00454937,090410,25112,K
00583424,090430,20423,Y
00447609,090460,2622,Y
00493185,090470,29271,K
00560025,090540,68112,E
00540429,090710,29280,K
00163789,090730,24113,E
00495554,090740,26224,E
00656951,090850,58222,K
00580603,090970,76190,E
00580612,090980,76190,E
00580621,090990,76190,E
00580630,091000,76190,E
00585219,091090,251,E
00541163,091120,262,K
00612115,091270,58222,E
00580667,091340,2629,K
00560122,091440,26410,K
00480783,091580,28202,K
00108001,091590,411,K
00543231,091690,263,E
00490151,091700,2629,K
00671376,091810,511,Y
00542074,091970,2229,K
00554024,091990,467,E
00545734,092040,108,K
00569691,092070,2049,K
00634728,092130,63991,K
00488402,092190,2612,K
00112165,092200,303,Y
00589127,092220,2612,Y
00587466,092230,201,Y
00367455,092300,2622,K
00106614,092440,29293,Y
00528515,092460,31114,K
00578325,092590,2611,N
00537337,092600,2611,K
00587101,092630,76190,E
00551920,092730,20423,K
00117726,092780,301,Y
00220613,092790,2419,Y
00611736,092870,29271,K
00586652,092970,64999,E
00593032,093050,14111,Y
00478900,093190,263,K
00480950,093230,467,E
00441243,093240,14112,Y
00603348,093320,63112,K
00595191,093370,20129,Y
00155373,093380,259,K
00592583,093400,76190,E
00592592,093410,76190,E
00521433,093510,30399,N
00596677,093520,4659,K
00536888,093640,2611,K
00593519,093730,71531,E
00596066,093820,64201,E
00445799,093920,2642,K
00695969,094170,2611,K
00379016,094190,26299,E
00414850,094280,759,Y
00579971,094360,261,K
00587457,094480,58221,K
00597764,094520,64999,E
00530796,094700,2629,E
00600013,094800,642,Y
00485177,094820,423,K
00599957,094840,264,K
00606770,094850,752,K
00599106,094860,58221,K
00537832,094940,263,K
00617299,094950,64201,E
00533508,094970,2629,K
00526951,095190,259,K
00526696,095270,272,K
00447478,095300,29133,E
00572905,095340,465,K
00526836,095500,2229,K
00365387,095570,76320,Y
00524421,095610,29271,K
00628860,095660,5821,K
00545929,095700,70113,K
00628189,095720,85120,Y
00585538,095910,2811,K
00480756,096040,467,E
00525882,096240,855,K
00351427,096250,58221,K
00626710,096300,64201,E
00177870,096350,251,K
00788773,096530,2130,K
00516246,096610,2612,K
00573269,096630,26422,K
00609315,096640,2629,E
00608839,096690,26329,K
00632304,096760,64992,Y
00631518,096770,192,Y
00540571,096870,2611,K
00633835,097230,41221,Y
00564562,097520,26519,Y
00562360,097780,303,K
00536286,097800,2612,K
00367385,097870,2031,K
00635134,097950,108,Y
00404941,098070,251,K
00568188,098120,2629,K
00634959,098150,64201,E
00595243,098400,2611,E
00579999,098460,29271,K
00612188,098660,1419,K
00550994,099190,27112,K
00637114,099210,76190,E
00574611,099220,4659,K
00449254,099320,3131,K
00647883,099340,64201,E
00647935,099350,64201,E
00642897,099390,58221,K
00526678,099410,31114,K
00636656,099430,211,K
00580056,099440,29221,K
00627029,099520,26519,K
00599887,099660,25130,E
00490090,099750,58222,K
00232496,099830,591,E
00641171,100030,58222,K
00480367,100090,2413,Y
00609324,100120,27199,K
00415594,100130,2511,K
00520887,100220,5811,Y
00646732,100250,222,Y
00364740,100590,2642,K
00166528,100660,29142,K
00362201,100700,213,K
00340096,100790,649,K
00648721,100840,29176,Y
00618410,101000,292,K
00650629,101060,602,E
00652423,101140,46510,Y
00580065,101160,262,K
00567222,101170,29142,K
00520610,101240,20131,K
00498001,101330,2642,K
00619640,101360,282,K
00648688,101380,76190,E
00609634,101390,262,E
00641393,101400,2611,K
00411048,101490,2629,K
00428321,101530,108,Y
00527491,101670,2511,K
00257732,101680,29223,K
00643656,101730,5821,K
00647917,101790,68129,E
00482426,101930,31114,K
00450931,101970,2512,K
00679730,101990,30,E
00648697,102000,76190,E
00591441,102120,2612,K
00299358,102210,31114,E
00679314,102260,20202,Y
00681142,102280,14120,E
00668600,102370,4610,K
00145598,102460,212,Y
00530185,102710,2049,K
00525642,102940,2110,K
00677334,102950,262,N
00609485,103130,261,E
00684714,103140,242,Y
00684547,103150,11,E
00684732,103160,46,E
00137012,103230,29111,K
00683469,103590,2830,Y
00678281,103650,26292,E
00762377,103660,204,N
00486875,103840,103,K
00442905,104040,30399,K
00686068,104110,292,E
00686147,104120,292,E
00645089,104200,639,K
00602136,104460,29163,K
00693554,104480,20501,K
00541437,104540,27112,K
00632845,104620,75210,K
00687711,104700,2411,Y
00623661,104830,20121,K
00579379,105070,24312,E
00606664,105330,303,K
00686970,105380,6811,E
00766106,105550,2629,K
00688996,105560,64992,Y
00728638,105630,14199,Y
00533003,105740,29133,K
00862312,105760,291,K
00173944,105840,27216,Y
00542898,106080,2629,K
00409964,106190,211,K
00755739,106240,28410,K
00536329,106520,273,E
00706715,107590,649,Y
00862880,107600,2049,K
00474588,107640,281,K
00721981,108070,27,E
00531917,108230,292,K
00525934,108320,2612,Y
00111193,108380,31114,K
00946030,108490,29299,K
00759513,108670,2222,Y
00598587,108790,4791,E
00666064,108860,5822,K
00697329,108890,76190,E
00753643,109070,264,Y
00660291,109080,26410,K
00535481,109610,25112,K
00492706,109670,14199,K
00530121,109740,29272,K
00552992,109820,70113,K
00118284,109860,24312,K
00653194,109960,467,K
00632793,110020,2049,K
00676380,110310,2629,E
00653990,110500,292,E
00636045,110570,2612,E
00555740,110660,25933,E
00522007,110790,1419,K
00576798,110990,29272,K
00226316,111110,14199,Y
00367710,111380,151,Y
00609254,111610,42,E
00245694,111710,91121,K
00776820,111770,46800,Y
00689418,111820,639,E
00125965,111870,265,E
00444329,112040,5821,K
00366517,112190,412,N
00450339,112240,2229,E
00619507,112290,20491,K
00670340,112610,2511,Y
00576789,113810,303,K
00557508,114090,91249,Y
00618401,114120,262,E
00778040,114130,76190,E
00778059,114140,76190,E
00100601,114190,289,K
00359641,114410,56130,E
00532059,114450,211,K
00673976,114570,468,E
00663669,114630,20501,K
00625942,114810,2927,K
00692254,114840,204,K
00414540,114920,2413,N
00787057,115160,465,K
01042650,115180,70113,K
00491415,115310,61299,K
00561866,115390,22299,E
00664048,115440,2641,K
00552859,115450,467,K
00681249,115480,27112,K
00441650,115500,62021,K
00660033,115530,262,K
00405959,115570,2221,K
00694942,115610,2611,K
00372253,115960,22232,E
00442631,116100,30320,N
00787376,117580,35200,Y
00605124,117670,2611,K
00867098,117730,29271,K
00790501,117930,501,E
00791209,118000,4659,Y
00876908,118990,303,K
00693800,119250,68,E
00188797,119500,259,K
00604426,119610,271,K
00797364,119650,291,Y
00626011,119830,739,K
00626464,119850,28111,K
00585608,119860,58221,E
00796994,120030,2599,Y
00795135,120110,205,Y
00250997,120240,201,K
00673301,120780,303,E
00445869,121060,620,N
00674498,121440,461,K
00788807,121550,681,E
00439965,121600,2049,K
00693651,121800,26421,K
00807397,121850,222,K
00604815,121890,2629,K
00797674,121910,64999,E
00798284,121950,6619,E
01181940,122050,28422,E
00798530,122290,64999,E
00799539,122310,27111,K
00799177,122350,303,K
00657987,122450,60221,K
00530556,122640,29271,K
00800145,122690,303,K
00803504,122750,6619,E
00527880,122800,24311,E
00337296,122830,582,N
00613318,122870,59201,K
00360142,122900,46800,Y
00759294,122990,2629,K
00615723,123010,262,K
00259545,123040,303,K
00569992,123100,29271,E
00804983,123160,649,E
00671437,123260,2612,E
00802028,123290,66199,E
00808262,123300,64,E
00624998,123330,204,K
00803425,123410,303,K
00815767,123420,5821,K
00804114,123550,64999,E
00616290,123570,71310,K
00823429,123690,46443,Y
00815369,123700,303,Y
00821607,123750,31991,K
00809429,123840,108,K
00761952,123860,2611,K
00404701,123890,642,Y
00812229,123910,64999,E
00808226,124050,66,E
00620868,124500,62021,K
00562245,124560,5299,K
00381756,125020,283,K
00611912,125210,2629,K
00683061,125490,303,K
00563518,126340,282,K
00403632,126560,61299,Y
00599595,126600,20202,K
00825223,126640,303,K
00824659,126680,6619,E
00825959,126700,273,K
00193328,126720,42311,Y
00446901,126730,2629,K
00638539,126870,29174,E
00442154,126880,291,K
00642541,127120,70111,K
00806972,127160,262,E
00665676,127710,63120,K
00527002,127980,262,K
00870481,128540,303,K
00829380,128660,2429,K
00828789,128820,477,Y
00828309,128910,66199,E
00828497,128940,21212,Y
00151368,129260,49301,Y
01207716,129890,26329,K
00577335,129920,29223,K
00491938,130500,13992,K
00606293,130580,75993,K
00194947,130660,72129,Y
00578538,130740,303,K
00838421,130960,602,E
00831428,131030,212,K
00402110,131090,58221,K
00814786,131100,591,K
00629212,131180,26323,K
00608316,131220,4659,K
00372226,131290,27212,K
00838962,131370,58222,K
00785475,131390,281,E
00533924,131400,2622,K
00820352,131760,292,K
00563545,131970,739,K
00807555,133750,85503,K
00661847,133820,24121,Y
00837680,134000,76190,E
00788737,134060,58111,K
00855163,134380,20421,Y
00608699,134580,631,K
00238977,134780,30399,E
00852087,134790,32029,Y
00657756,135160,28301,E
00619020,135270,242,E
00488244,136150,291,K
00922304,136410,22212,K
00857727,136480,1012,K
00855093,136490,109,Y
00763358,136510,29272,E
00868705,136540,62021,K
00816696,136660,2927,N
00362122,137080,292,K
00854997,137310,27112,Y
00612294,137400,292,K
00614593,137940,27216,K
00664853,137950,2049,K
00860332,138040,64992,Y
00577380,138070,259,K
00571483,138080,26410,K
00406392,138250,47919,E
00890388,138290,421,E
00808068,138360,292,K
00846396,138440,681,E
00241005,138490,20202,E
01014657,138580,58222,E
00767628,138610,213,K
00670085,138690,29221,E
00858364,138930,64992,Y
00656021,139050,62021,E
00878915,139130,64992,Y
00842479,139170,27215,E
00855145,139200,76190,E
00872984,139480,471,Y
00535375,139670,58222,K
00486705,139990,2419,Y
00599285,140070,46539,K
00599489,140290,412,E
00808022,140410,70113,K
01116265,140430,620,K
00112721,140520,24122,K
01018802,140610,70113,N
00663289,140660,26429,N
00858124,140670,262,K
00244747,140860,27219,K
00865382,140890,68112,E
00860730,140910,68121,E
00610083,141000,29272,K
00812362,141020,479,E
00678096,141070,292,E
00842619,141080,70113,K
00879020,142210,46522,K
00513948,142280,213,K
00587925,142760,701,K
00883980,143160,26429,K
00119140,143210,303,Y
00857480,143240,63120,K
00569646,143540,29272,K
01010642,144510,73909,K
00652159,144620,2050,E
00822572,144630,292,E
00835734,144740,855,E
00521390,144960,29271,K
00888347,145020,211,K
00305941,145170,14300,K
00453488,145210,292,Y
00861076,145270,68112,Y
00526599,145720,27191,Y
00896285,145990,108,Y
00495633,146060,24131,K
01301623,146320,261,K
00654175,147760,27212,K
00899556,147830,251,K
00610490,148140,291,E
00913689,148150,2629,K
00915508,148250,262,K
00980043,148780,58222,K
00885906,148930,25924,K
00861100,149010,2611,N
00890333,149130,68121,E
00578130,149300,701,E
00757816,149940,26429,E
00442048,149950,26211,K
00977641,149980,27199,K
00990262,150440,58222,E
00661157,150840,27199,E
00638487,150900,58221,K
00665630,151750,292,E
00366137,151860,302,K
00653103,151910,262,E
00351418,152330,2311,E
00907013,152550,642,E
00905316,153360,761,E
00842585,153460,58222,K
00815095,153490,2612,K
00971726,153710,213,K
00577593,153890,28111,K
00867478,154030,011,K
00624518,154040,2629,K
00870861,155650,262,K
00110608,155660,242,Y
00910947,155900,76190,E
00676122,155960,26211,E
00918222,156100,27194,K
00974459,156170,263,E
00563147,158300,29271,E
00923899,158310,29280,E
00125628,158380,30,E
00595182,158430,58221,K
00561732,159010,29133,K
00563837,159580,46414,K
00930321,159650,761,E
00896753,159910,204,K
00650771,160190,28111,K
00350491,160350,58221,E
00974927,160550,591,K
00818472,160600,2927,E
00659161,160980,29271,K
00936787,161000,201,Y
00937324,161390,221,Y
00945208,161570,26519,E
00938721,161580,2927,K
00939331,161890,20423,Y
00886792,162120,289,N
00958664,162300,241,K
01663116,163280,29175,K
01072518,163430,302,E
00939687,163560,2219,Y
01142075,163730,582,K
01142400,164060,27199,E
00659815,165270,22223,E
00660750,166090,2612,K
00989664,166480,212,K
00925453,167380,582,E
00923792,168330,70111,K
00957373,168360,292,K
00960641,168490,64209,E
00877174,169330,71400,K
00610861,169670,29271,N
00164502,170030,303,K
00492353,170790,26410,K
00956930,170900,212,Y
00866062,170920,20119,K
00654272,171010,20119,K
00327819,171090,292,K
00317104,171120,2049,K
00954242,172580,761,E
00493325,172670,2612,K
00867849,173130,62021,K
00925295,173940,901,K
00659684,174880,26422,E
00991191,174900,213,K
00861997,175140,264,K
00554352,175250,204,K
00980122,175330,64992,Y
00872452,176440,26224,E
00580180,176560,259,E
00666329,176590,259,N
00867034,176750,212,K
00813389,177350,222,K
00429694,177830,2629,K
00870065,177900,2611,K
00838005,178320,289,K
00910202,178600,108,N
00923826,178780,468,K
00767460,178920,2221,Y
00970277,179280,24212,E
00531829,179290,27192,K
00872850,179440,24199,E
01022902,179530,21230,K
00978075,179720,649,N
00961774,179900,2629,K
00874937,180060,289,N
00995993,180400,729,K
00983040,180640,64992,Y
00861720,181340,27212,E
00983271,181710,5821,Y
00810531,181980,27199,E
00985686,182360,59201,K
00977650,182400,211,K
00411905,182690,465,E
00990165,183190,23311,Y
00997812,183300,29271,K
00989327,183350,29280,E
00764807,183410,27211,E
00606886,183490,211,K
00988364,184230,582,K
00830447,185190,46204,N
00893923,185280,46203,E
00945457,185490,70113,K
00992871,185750,212,Y
00602279,186230,24222,K
00675594,187220,729,K
00925189,187270,2812,K
00983916,187420,211,K
01409022,187660,70113,K
00991012,187770,73901,E
00994994,187790,20129,K
00624509,187870,29271,K
01157846,188040,108,K
01305869,188260,339,K
00664181,189300,26429,K
00991298,189330,582,K
00965062,189350,26410,N
00961136,189540,26410,E
00939942,189690,58222,K
00632331,189700,141,E
00869272,189860,28123,K
00916516,189980,11209,K
00819374,190510,262,K
00304915,190650,66121,K
00843900,191410,262,K
00926522,191420,211,K
00611286,191600,2622,N
01010110,192080,5821,Y
00967778,192240,179,E
01003040,192250,58221,K
00910840,192390,2511,K
00132354,192400,649,Y
00623184,192410,2642,K
00917861,192440,339,K
01030132,192520,64121,E
01028164,192530,64121,E
00415646,192650,2629,Y
01009789,192820,20423,Y
01035678,193250,2629,K
00332927,194370,15121,Y
01008762,194480,58212,K
00977696,194510,5821,E
01011562,194610,339,E
00811372,194700,108,K
00992312,194860,22232,E
01113949,195440,58221,E
00770312,195500,10121,K
01032413,195870,262,Y
01012066,195940,212,K
00620558,195990,29223,K
00989619,196170,70113,K
00808086,196300,211,K
01031502,196450,273,K
00660121,196490,29271,K
00864338,196700,20203,K
00681373,197140,58221,K
00601641,197210,29272,E
00876643,198080,26224,K
01032583,198440,233,K
00156600,198940,24212,K
00553025,199150,58221,N
00669450,199290,271,N
00672603,199430,272,K
01138595,199480,58222,K
01161432,199550,27112,K
01110058,199730,70113,K
00547510,199800,701,K
00148470,199820,28123,K
00929778,199870,24213,E
01032404,200130,211,K
00608802,200230,212,K
00990819,200350,591,K
00667425,200470,261,K
01018617,200580,27199,N
00614478,200670,212,K
00657002,200710,2611,K
00256043,200780,212,K
01036446,200880,303,Y
00965813,201490,5821,K
00541862,202960,58221,N
00977377,203400,70113,K
00408266,203450,26429,K
01038693,203650,582,K
01036367,203690,171,K
00671978,204020,14120,K
01035289,204210,681,E
00447575,204270,262,K
01042775,204320,303,Y
01038161,204440,66199,E
00609661,204610,5821,K
01042711,204620,661,K
01046203,204630,901,E
01043871,204650,661,E
00410678,204690,22232,E
01041217,204760,661,E
01042359,204840,464,K
00874195,204990,10897,E
01042085,205100,58221,K
01086812,205290,701,E
01042979,205470,213,K
01042429,205500,582,K
01043853,206400,424,K
01021949,206560,59120,K
01046708,206640,213,K
00927558,206650,212,K
01046179,206660,661,E
00756163,206950,33309,N
00959265,207230,28303,E
00832700,207490,28422,N
01047567,207720,66199,E
01047840,207760,63991,K
01047929,207930,661,E
00877059,207940,211,Y
01047415,208140,101,K
00972293,208340,212,E
01047169,208350,582,K
01047451,208370,271,K
01049422,208640,582,K
01047707,208710,262,K
01116344,208850,28909,N
01084364,208860,58222,K
01047716,208870,66199,E
00876209,208890,857,N
01023211,209640,29299,K
00550082,210120,59114,K
01059605,210540,29241,Y
00656340,210610,58222,E
00508344,210980,68122,Y
01013694,211050,66202,K
00874803,211270,264,K
01085442,212310,27192,N
00876865,212560,303,K
01208751,212710,261,K
01015726,213090,58221,E
01061558,213420,262,K
01060744,213500,171,Y
01061327,214150,271,K
01013311,214180,63991,K
01058101,214260,20423,K
01061497,214270,582,K
00957568,214310,71531,E
00565154,214320,71310,Y
00105606,214330,303,Y
00549891,214370,211,K
00101664,214390,211,Y
00816544,214420,20423,Y
00612489,214430,2629,K
00970453,214450,213,K
01049167,214610,27199,K
01062867,214680,271,K
00820389,214870,465,E
01067516,215000,58219,K
01055317,215050,20421,E
01063884,215090,272,K
01063990,215100,28909,K
01074862,215200,85503,K
01077577,215360,303,K
01065013,215380,701,K
01064069,215480,474,K
01034730,215570,70113,N
01064315,215580,66199,E
00919966,215600,70113,K
01065536,215750,66199,E
01065679,215790,264,K
00819073,216050,71310,K
01222867,216080,213,K
00311270,216280,27112,E
00537221,216400,70113,N
00666204,217190,29271,K
01067808,217270,582,K
00963000,217320,28111,N
01046391,217330,70113,K
01099667,217480,20423,K
01068348,217500,292,K
00949161,217590,2830,Y
01070857,217600,701,E
01068658,217620,561,E
01025644,217730,211,K
01072660,217810,661,E
01020843,217820,292,K
00976615,217880,58222,N
01139497,217910,20129,N
01066058,217950,212,N
01071944,218150,109,K
01078178,218410,264,K
01075047,218710,661,E
00617314,219130,2622,K
01109955,219420,58222,K
01089378,219550,464,K
01080410,219580,66199,E
01031229,219750,271,K
01087079,219860,661,E
01089387,219960,661,E
01053540,220100,212,K
01066030,220110,73901,E
00793155,220180,58222,K
00843830,220250,70113,E
01089350,220260,204,K
01089855,220630,463,E
01089828,221200,661,E
00493431,221610,20411,E
01076550,221670,15121,E
01026616,221800,72911,K
00688358,221840,313,K
01089961,221950,661,E
00370918,221980,2049,K
00656289,222040,108,K
01090471,222080,292,K
00962922,222110,212,K
01037542,222160,292,K
01090301,222390,661,E
01091054,222420,23993,K
01022054,222520,58222,E
01063237,222670,701,N
01095722,222800,2622,K
01091382,222810,241,E
00579139,222980,108,K
01091391,223040,661,E
01060735,223220,529,N
00916826,223250,70113,K
01075126,223310,468,K
00878517,224020,22291,E
00530413,224060,262,K
00659435,224090,1011,E
01099861,224110,26429,K
00929228,224760,412,N
00607797,224810,424,N
01137897,224880,582,E
00992543,225190,273,K
01062177,225220,211,K
00914040,225330,85501,E
01095704,225430,204,K
01094565,225440,64999,E
00568461,225530,239,K
01096341,225570,582,K
01101041,225590,141,K
01102095,225650,28511,E
00866594,225850,464,E
01116274,225860,20423,E
00911955,226320,20423,Y
01344336,226330,582,K
01098792,226340,204,K
00809517,226350,2629,E
01097906,226360,412,E
01082348,226400,27199,K
01101722,226440,292,E
01022142,226590,262,K
01051339,226610,271,E
01102800,226850,66199,E
01113718,226950,70113,K
01207761,227100,682,E
01109690,227420,132,N
01080687,227610,20423,K
01108099,227840,463,Y
01105621,227950,292,K
01067242,228180,701,E
00993931,228340,23325,K
00828761,228670,27111,K
01108248,228760,701,K
00899459,228850,27111,K
01051472,229000,213,K
01095397,229480,63120,E
01065785,229500,70113,N
01093007,229640,64992,Y
01108442,230240,264,K
01029394,230360,71310,E
00921475,230400,271,E
01109186,230490,661,E
01110076,230980,582,E
01109539,232140,292,K
01111020,232270,661,E
01111057,232290,582,E
01111570,232330,661,E
00318538,232360,192,E
00925967,232530,28202,N
00911229,232680,29280,K
01113499,232830,58221,K
00653112,233190,1090,E
01035942,233250,213,N
01063556,233990,20423,N
00874168,234030,26112,K
00614089,234070,76310,N
00225706,234080,212,Y
00617998,234100,303,K
01014055,234300,6202,K
00763701,234340,661,K
01135057,234690,212,K
01020524,234920,28511,K
01117103,235010,66199,E
01095892,235090,292,E
01336373,235980,70113,K
01085187,236030,105,N
01124653,236200,26410,K
01023822,236340,70113,N
01051065,236810,71310,K
00871833,237690,212,K
01090921,237720,20422,E
00525864,237750,28123,K
00862853,237820,71310,K
00957735,237880,20423,K
00942131,238090,222,K
01073678,238120,273,K
01011872,238170,202,E
01109070,238200,108,K
00556712,238490,29272,K
01118643,238500,739,N
01128622,239340,631,K
01011438,239610,108,K
01112889,239890,20119,K
01117592,240340,20423,E
01130937,240540,661,E
01073261,240550,271,K
01085026,240600,259,K
01135941,240810,292,K
01119387,241510,29193,E
01109715,241520,64209,K
01032486,241560,29241,Y
01128613,241590,15219,Y
00531865,241690,30331,K
00763473,241710,20423,K
00652007,241770,261,K
01113754,241790,292,K
01051092,241820,213,K
00975290,241840,591,K
01136348,242040,582,K
00990563,242350,620,E
01119217,242420,204,E
01113781,242850,461,E
01159853,243070,212,K
00807379,243840,28202,K
00565215,243870,62021,N
01070149,244460,211,K
01117422,244880,27199,N
00684802,244920,66202,Y
00664288,245030,582,E
01116380,245450,264,N
01182550,245620,70113,K
01112700,246250,739,K
00778235,246690,64209,K
01109937,246710,21100,K
01157235,246720,213,K
01115257,246830,63120,E
01110182,246960,213,K
01113277,247300,58222,E
01160363,247540,28202,K
00660459,247660,2629,K
01169498,248020,28410,E
01159233,248070,2629,Y
01167056,248170,108,Y
01168383,249420,212,Y
01124680,250000,4632,K
01158632,250030,20423,N
01165155,250060,620,K
01018954,250300,28909,E
01166109,250930,22291,K
01160974,251120,2110,K
00904672,251270,5821,Y
01115044,251280,70113,N
00602172,251370,201,K
01117495,251540,141,E
01027794,251630,29272,K
00814810,251960,143,E
00761059,251970,22232,K
01063963,252370,20423,E
01169267,252500,204,K
01111765,252940,33402,E
01199727,252990,2629,K
01168684,253450,59114,K
01170865,253590,292,K
01262023,253610,467,N
01063954,253840,213,K
01174038,254120,292,K
01366824,254160,16101,N
00299844,254490,467,K
00963976,255220,23991,K
00875307,255440,29272,K
01010572,256090,14112,E
01069736,256150,29175,K
01179608,256630,25923,K
01179617,256840,211,K
01037214,256940,212,K
01144569,257370,292,K
00982023,257720,46800,K
01179839,257730,661,E
00425254,257990,20423,E
01246742,258050,25923,N
01117918,258250,582,E
01109122,258540,70113,E
00961507,258610,251,K
01182408,258790,582,K
00959229,258830,27199,K
00833064,259630,292,K
00760971,259960,5821,Y
01018167,260490,29176,E
00447007,260660,213,K
01188730,260870,2811,N
01144028,260930,20423,K
00560849,260970,108,K
01187494,261200,271,K
01211889,261520,58221,K
01141599,261780,70113,K
00604268,262260,289,K
01212383,262760,21212,E
01194759,262830,66199,E
01146822,262840,58222,K
00892526,263020,22214,K
01110678,263050,211,K
00971090,263540,31322,E
00571298,263600,2629,K
00966168,263690,27111,K
01187148,263700,713,K
01186404,263720,581,K
01152470,263750,58211,K
01196313,263770,241,K
00877819,263800,465,K
00760999,263810,2629,K
00962223,263860,58221,K
01185566,263920,33999,K
01197428,264290,661,E
01203376,264450,26410,K
00605328,264660,29271,K
01199189,264850,262,K
01205329,264900,106,Y
01199985,265480,661,E
01203808,265520,29272,K
00659976,265560,3033,K
01217829,265740,20423,K
01201581,265920,66199,E
00990396,266170,59114,N
01208821,266350,5821,N
01130885,266470,70113,N
01190780,266870,204,E
01190513,267060,102,E
01575361,267080,11112,N
01205709,267250,64992,Y
01205851,267260,281,Y
01205842,267270,29241,Y
01208885,267290,35200,Y
01208849,267320,292,K
01182240,267790,1419,K
01187865,267810,95120,E
00458234,267850,62021,Y
01234507,267980,104,K
01234297,268280,201,Y
01182444,268600,70113,E
01188378,269620,272,K
01183407,270020,239,E
01187458,270210,20423,N
01228515,270520,721,K
01201590,270660,28519,K
01214248,270870,108,K
01194892,271400,26421,E
01238169,271560,108,Y
01234525,271740,66199,E
01221947,271780,24229,E
01146220,271830,29271,K
01163050,271850,701,E
00972503,271940,319,Y
01236897,271980,212,Y
00769158,272110,261,K
00339391,272210,26299,Y
01237540,272290,2629,K
01088458,272420,423,E
00653024,272450,511,Y
01060814,272550,22232,Y
01236532,273060,713,K
01215618,273640,2812,K
01158553,274090,31322,K
00965318,274400,58221,K
01250374,275630,582,K
01290248,276040,5821,K
01119651,276240,26519,N
01230255,276730,11112,K
01243550,276920,6619,E
00616962,277070,64209,K
01243161,277410,108,K
01243772,277480,66199,E
01261644,277810,29280,K
01139035,277880,292,K
00897752,278280,201,K
01138993,278380,21309,E
01190568,278470,20423,Y
01189438,278650,70113,K
01117246,278990,281,N
01353848,279060,272,N
01247918,279410,661,E
01203312,279570,64121,Y
01190124,279600,58222,K
01258507,280360,108,Y
01186671,281310,70113,E
01257526,281410,66199,E
01255652,281740,204,K
01261893,281820,272,Y
01263022,282330,47122,Y
01262458,282690,221,E
00872656,282720,423,K
01211232,282880,292,K
01332137,283100,701,E
01148909,284420,108,E
01186811,284610,20423,E
01263527,284620,701,K
01267684,284740,762,Y
01267170,285130,20202,Y
01259232,285490,339,K
01187175,285770,58221,E
00816933,285800,2221,K
01114559,286000,20423,E
01136001,286750,20129,K
01262032,286940,62021,Y
01267602,287410,271,E
01374443,287840,70113,K
01101254,288180,31322,K
01227039,288330,739,K
01267550,288490,58222,E
01257872,288620,281,K
01423837,288980,58222,K
00983934,289010,58190,K
00599151,289080,649,K
01352575,289170,108,N
01264438,289220,59113,K
00945776,289860,58221,E
01270749,289930,261,K
01217014,290090,58222,K
01182578,290120,30399,K
01251577,290270,582,K
00384948,290380,2031,E
00540340,290510,58221,E
00961570,290520,29272,K
01137903,290550,26224,K
01130849,290560,58221,K
01181515,290650,212,K
01246034,290660,27199,K
01259418,290670,28909,K
00605522,290690,28422,K
01259311,290720,47912,K
01141942,290740,262,K
01277928,291210,66199,E
01276901,291230,759,K
01265251,291650,701,K
01524507,291810,58222,K
00248974,293480,212,Y
01137383,293490,5821,K
00651017,293580,64919,K
01251595,293780,70113,K
01276594,293940,6811,Y
01274310,294090,27199,K
01011395,294140,20501,K
01311055,294570,639,K
00867973,294630,289,K
01310269,294870,411,Y
01011368,295310,24219,K
01156795,296160,70113,N
01229240,296520,46499,N
01341630,296640,58222,K
00765462,297090,29141,K
01309795,297570,264,K
00523936,297890,29272,K
01316236,298000,201,Y
01316227,298020,2050,Y
01316245,298040,281,Y
01316254,298050,205,Y
01110474,298060,212,K
01256864,298380,211,K
01214743,298540,144,K
00651901,298690,511,Y
01012640,298830,582,K
00682992,298870,649,E
00601191,299030,29299,K
01318261,299170,464,K
01188749,299480,13999,N
01235296,299660,701,K
01203507,299670,14112,E
01276327,299900,59120,K
01259056,299910,5821,E
01237434,300080,63120,K
01251489,300120,582,K
01319808,300720,23311,Y
00403793,301300,58222,K
01258710,302430,29299,K
01319899,302440,211,Y
01275665,302550,27199,K
00991225,302920,59130,N
01318933,303030,261,K
01267958,303360,271,K
01264872,303530,582,K
01233465,303810,212,K
01050738,304100,58222,K
01258020,304360,212,K
01118281,304840,213,K
01267967,305090,271,K
01222432,306040,15129,K
01325979,306200,2413,Y
01325429,306620,292,K
01336285,307070,661,E
01326260,307160,66199,E
01326279,307180,284,K
01326224,307280,213,K
01329957,307750,212,K
01326792,307870,582,K
00598198,307930,649,K
00362441,307950,582,Y
01335790,308080,701,K
01181807,308100,4741,K
00450010,308170,303,Y
01275489,308430,212,K
01016886,308700,28422,E
00914341,309710,21100,K
01350638,309900,739,E
01335453,309930,475,K
00231901,309960,64991,K
01335578,310200,591,K
01327746,310210,701,K
01336391,310840,661,E
01336443,310870,303,K
01264234,311060,29271,N
01337220,311270,661,E
00668965,311320,262,K
01219155,311390,108,K
01071041,311690,701,K
01195828,311840,13212,E
01290132,311960,58222,N
01223219,312610,242,K
01343920,313750,66199,E
00863038,313760,2811,K
01276026,314130,211,K
01182259,314140,212,K
01117413,314930,2719,K
01344831,315640,582,K
01350869,316140,64992,Y
01351114,317030,661,E
01327092,317120,26112,K
01353024,317240,204,K
01351822,317320,66199,E
01021666,317330,2049,K
00367844,317400,681,Y
00179489,317450,21212,Y
01267222,317530,59111,K
01311286,317690,27199,K
01231786,317770,262,K
00624749,317830,29280,K
00450995,317850,29242,K
01328170,317860,20423,N
00964595,317870,339,K
00876166,318000,20202,K
00986898,318010,108,K
00962393,318020,263,K
01565054,318060,20202,K
01288410,318160,139,K
01153105,318410,204,K
01345724,318660,582,N
01358463,319400,291,K
01365825,319660,29271,K
01359815,320000,292,K
01359736,321260,261,K
01593668,321370,262,K
01335930,321550,70113,K
01116502,321820,901,K
01199550,322000,2612,Y
01309388,322180,582,K
01412938,322190,30201,E
01016479,322310,292,K
01153293,322510,582,K
01364297,322780,591,K
01293388,322970,70113,N
01366365,323210,661,E
01384477,323230,143,E
01366000,323280,292,K
01344363,323350,292,K
01133217,323410,64121,Y
01371312,323940,661,E
01335851,323990,70113,K
00878696,326030,7011,Y
01343665,327260,26299,K
01336735,327610,271,N
01344752,327970,27199,E
01397620,328130,58222,K
01390399,328380,620,K
01388631,329020,463,E
01337114,329050,13221,E
01390344,329180,31113,Y
01390876,329560,66199,E
00765851,330350,212,K
01363818,330590,681,Y
01305249,330730,649,K
01368354,330860,739,K
01393299,330990,661,E
01393721,331380,265,K
01398151,331520,582,K
01363924,331660,20422,N
01649620,331740,58222,K
01114586,331920,211,K
01860010,332190,27199,N
01394669,332290,203,K
01213586,332370,26329,K
01015160,332570,26299,K
01395279,332710,66199,E
01407158,333050,582,K
01396676,333430,311,K
01310773,333620,28909,K
01394377,334890,681,Y
01258428,334970,212,K
01137295,335810,27199,K
01405585,335870,474,K
01406618,335890,271,E
01118139,336040,27199,N
01408999,336060,582,K
01412725,336260,28111,Y
01412822,336370,26299,Y
01407909,336570,271,K
00814582,336680,262,K
01414361,337450,66199,E
01396931,337840,27112,N
01391103,337930,639,K
01391033,338100,681,Y
01344202,338220,582,K
01226234,338840,70113,K
00453284,339770,46313,Y
01414422,339950,85503,K
01414370,340120,66199,E
01414936,340350,66199,E
01416642,340360,264,K
01416572,340440,222,K
01432598,340450,739,K
00608440,340570,213,K
01315042,340810,58221,K
01368637,340930,29299,K
01416457,341160,66199,E
01185867,341170,70113,N
01337017,341310,13992,E
01418543,342550,66199,E
01428948,342870,47320,K
01413371,343090,213,E
01419384,343510,66199,E
01419986,344050,66199,E
01428203,344820,2311,Y
01419135,344860,20423,K
01309069,346010,262,N
01023318,347000,27212,K
01428249,347140,6499,E
01336762,347700,58222,K
01290381,347740,739,K
01405390,347770,26212,K
01376715,347850,70113,K
01405451,347860,58222,K
00670766,347890,27216,K
01210190,348030,5821,K
01357765,348080,70113,K
01399071,348150,70113,K
01080252,348210,29271,K
01336461,348340,29280,K
00925587,348350,27213,K
01011526,348370,20119,K
01343735,348840,591,E
01415892,348950,681,Y
01436336,349720,66199,E
01436628,350520,681,Y
01547933,351020,141,N
01440153,351320,29272,K
01135640,351330,62021,K
01440481,351340,6619,E
00909835,351870,71310,K
01226270,352090,22211,K
01226410,352480,20423,K
00875237,352700,205,K
01201970,352770,213,K
01204056,352820,592,Y
00494546,352910,620,K
00367871,352940,2032,K
01447244,353060,66199,E
01447217,353070,66199,E
01453670,353190,108,K
01478712,353200,2622,Y
01450105,353490,661,E
01084294,353590,4521,K
01480568,353810,109,K
01397903,354200,739,K
01418260,354230,58221,E
00229030,354320,24222,K
00533809,354390,212,N
01476219,355150,261,K
01514005,355390,582,K
01444380,355690,262,K
01372782,356680,58221,K
00920379,356860,2622,K
01293953,356890,582,K
01430475,357120,6811,Y
01068737,357230,108,K
01437292,357250,681,Y
01442966,357430,681,Y
00921916,357550,20129,K
01012987,357580,262,K
01489648,357780,204,K
01381984,357880,58222,K
01351080,358570,70113,K
01487446,359090,739,K
01360875,360070,28202,K
01493793,360350,27219,K
01014718,361390,26429,K
01303029,361570,59201,K
01386916,361610,282,Y
00405506,361670,2629,K
01534577,362320,46443,K
01492688,362990,71310,K
01437858,363250,271,K
01493535,363260,713,K
01497869,363280,64992,Y
01307593,364950,29271,K
01397772,365270,70113,K
01135084,365330,2511,K
01274329,365340,201,K
01437186,365550,681,Y
01505186,365590,261,K
01354740,365900,3330,K
01307335,366030,144,K
01514528,366330,66199,E
01454341,367000,58222,K
01505450,367340,649,E
01505469,367360,661,E
01504804,367460,66199,E
01504910,367480,661,E
01467336,368030,29293,E
01302853,368600,262,K
01513440,368770,27219,K
01491607,368970,109,K
01508855,369370,901,K
01357446,370090,27213,K
00417167,371950,262,K
00925374,372170,292,K
01513404,372290,66199,E
01492651,372320,70113,K
01429840,372800,58221,K
00534598,372910,27199,Y
01492217,373110,211,K
01455492,373160,85669,K
01497142,373170,58221,K
01514698,373200,339,K
01515323,373220,28202,Y
01514519,373340,66199,E
01524093,375500,412,Y
00604028,376180,339,K
00527011,376190,2611,E
01480708,376270,70111,K
00575106,376290,26224,K
01456011,376300,58222,K
01335143,376900,21309,K
01494118,376930,27112,K
01441611,376980,58221,K
01409095,377030,582,K
01475609,377190,681,Y
01217865,377220,108,K
01244601,377300,66199,Y
01140837,377330,2811,K
01526949,377400,66199,E
01210066,377450,63991,K
01175499,377460,953,K
01297898,377480,58222,K
01528530,377630,661,E
00622787,377740,213,Y
01488320,378340,29299,K
01387164,378800,211,K
01532603,378850,30399,Y
01365384,379390,72129,N
01534522,380320,661,E
01535257,380440,661,E
01506990,380540,266,K
01782004,380550,58222,K
01293485,381620,29299,K
01323032,381970,45120,Y
01423916,382150,70111,K
01311310,382480,292,K
00958327,382800,29271,K
01459212,382840,292,K
01435489,382900,28111,K
01568413,383220,14111,Y
01566248,383310,204,K
01562589,383800,64992,Y
01437432,383930,70113,K
01512575,384470,58222,K
01572489,386580,661,E
01567520,387310,66199,E
01455410,387570,27199,K
01462605,388050,28123,K
01529982,388210,26299,K
01568875,388220,661,E
01221752,388610,20495,K
01152586,388720,292,K
01569102,388790,264,K
01569838,388800,66199,E
01495180,388870,70113,K
01365038,389020,261,K
01494154,389030,70113,K
01513699,389140,59113,K
01150515,389260,4112,K
01516456,389470,701,K
00567897,389500,291,K
01385050,389650,27199,K
01498576,389680,58222,K
01507810,390110,27199,N
01573974,391060,661,E
01573284,391710,292,K
01436479,393210,582,K
01574760,393360,661,E
01291317,393890,28202,K
01549472,393970,22213,K
01571107,394280,582,K
01685677,394420,27199,K
01506617,394800,701,K
01535150,395400,68112,Y
01515864,396270,26112,K
00534701,396300,259,K
00866451,396470,29271,K
01576102,396690,6811,Y
01576713,396770,661,E
01375822,397030,70113,K
01580178,397500,66199,E
01551042,397810,713,K
01582228,397880,661,E
01179866,398120,27111,K
01364747,399720,26112,K
01583397,400560,66199,E
01480780,400760,6812,Y
01586172,400840,66199,E
00601988,402030,58221,K
01596425,402340,64992,Y
01507722,402420,27199,N
01370863,402490,261,K
01466832,403360,58221,N
01299106,403490,103,K
01026157,403550,76110,Y
01669794,403810,262,N
01138364,403850,591,K
01288827,403870,29271,K
01591262,404950,649,E
01436558,404990,68112,Y
01575839,405000,27199,K
01033591,405100,73909,K
01591606,405350,66199,E
01594764,405640,66199,E
01021639,405920,46331,K
01593242,406760,66199,E
01147487,406820,20423,K
01586455,407400,32099,K
01445024,408470,64999,K
01139965,408900,59112,K
01596656,408920,759,K
01596665,409570,661,E
01242241,411080,582,K
01573381,412350,29271,K
00528791,412540,292,K
01601286,412930,66199,E
01583953,413300,72129,N
01563922,413390,29299,K
01616808,413600,661,E
01601222,413630,222,K
01462739,413640,5822,K
01540815,415380,47520,K
01604371,415580,661,E
01880801,415640,642,Y
00761183,416180,30399,K
01524118,417010,291,K
01584934,417180,63991,K
01528141,417200,26291,K
01180118,417310,68112,Y
01367586,417500,204,K
01134216,417790,265,K
01383229,417840,29271,K
01472930,417860,58222,K
00657783,417970,292,K
01613281,418170,661,E
01616482,418210,661,E
01579570,418250,58221,K
00965512,418420,262,K
01467451,418470,581,K
00411808,418550,721,K
01516890,418620,582,K
01526806,419050,303,K
01587056,419080,29272,K
01516368,419120,58222,K
01612608,419270,66199,E
01082418,419530,59112,K
01506848,419540,27199,K
01695498,419700,465,E
01553129,420570,20423,K
00765569,420770,292,K
01620713,421800,66199,E
01619513,422040,66199,E
01621280,424140,661,E
01622331,424760,620,K
01203659,424870,70113,K
01555215,424960,272,K
00624378,424980,26129,K
01301252,425040,20121,K
01624162,425290,661,E
01035368,425420,262,K
01632851,426550,66199,E
01631658,426670,66199,E
01652970,427950,661,E
01284751,429270,26129,K
01656374,430220,66199,E
01658266,430230,66199,E
01663055,430460,661,E
01602638,430690,58221,K
01663639,430700,66199,E
01689266,431190,582,K
01622720,432320,68112,Y
01406265,432430,591,K
01402995,432470,29299,K
01584183,432720,26112,K
01217795,432980,21100,K
01667592,433530,66199,E
01020269,434190,28202,N
01583652,434480,58221,K
01670675,435380,661,E
01253636,435570,107,K
01669475,435620,66199,E
01671197,435870,66199,E
01672053,436530,661,E
01672114,436610,66199,E
00262266,437730,303,K
01674538,437780,6619,E
01675014,438220,66199,E
01674468,438580,66199,E
01605529,438700,58222,K
01136977,439090,204,K
01675227,439250,66199,E
00182696,439260,3111,Y
01675254,439410,6619,E
01559637,439580,467,K
01675421,439730,661,E
01802928,439960,27199,K
01292291,440110,26112,K
01676989,440200,66199,E
00309460,440290,649,K
01585155,440320,58222,K
01677678,440790,66199,E
01677429,440820,66199,E
01686755,441270,26299,K
01678835,442130,66199,E
01696451,442310,661,E
01682740,442770,661,E
01683387,442900,66199,E
01194689,443060,7212,Y
01468061,443250,71310,K
01381391,443670,620,K
01590980,444530,58222,K
01688346,444920,661,E
01540453,445090,26112,K
01027828,445180,20119,K
01689336,445360,66199,E
01498974,445680,271,K
01689938,445970,66199,E
01702017,446070,16102,Y
01690235,446150,661,E
01692321,446190,66199,E
01281541,446440,70113,N
00923516,446540,28201,K
01671601,446600,212,E
01696275,446750,661,E
01693922,446840,272,K
01680131,447690,27199,N
01218299,448280,716,K
01700374,448370,66199,E
00959210,448710,26310,K
01688896,448730,6811,Y
01700921,448740,66199,E
01701328,448760,66199,E
01206717,448780,27191,N
01702424,448830,66199,E
00765897,448900,303,K
01701753,449020,66199,E
01705625,450050,66199,E
01311408,450080,28202,Y
01712485,450140,45110,E
01663569,450330,21309,K
01705777,450410,6619,E
01222113,450520,58222,K
01706819,450940,66199,E
01590528,450950,27112,K
01546101,451220,29299,K
01283974,451250,20423,K
01712616,451700,66199,E
01685251,451760,620,K
01669226,451800,68112,Y
01309421,452160,29271,K
00607496,452190,29221,K
01689035,452200,27212,K
01722437,452260,47111,Y
00958451,452280,259,K
01497124,452300,649,K
00338170,452400,30399,K
01676642,452430,2611,K
01429220,452450,29299,K
01717170,452670,66199,E
01719105,452980,66199,E
01721809,453340,471,Y
01299203,453450,739,K
01538528,453860,20499,K
01724417,454640,66199,E
01724338,454750,66199,E
01105153,454910,2928,Y
01638387,455180,29271,K
01724709,455250,66199,E
01725160,455310,661,E
01592049,455900,29280,K
01725577,455910,66199,E
01373709,456010,261,K
01760738,456040,20129,Y
01544468,456070,211,K
01577952,456160,21212,K
01205514,456190,213,N
01731453,456440,64999,E
01760640,456490,6619,E
01579020,456570,213,N
00874797,456700,721,E
01762569,457190,20111,Y
01016309,457370,20119,K
01751448,457390,66199,E
01030503,457550,7390,K
01453944,457600,26519,K
01738483,457630,66199,E
01744703,457940,66199,E
01766167,458320,66199,E
01379563,458350,75992,K
01761296,458610,66199,E
00319272,458650,282,K
01514227,458870,27199,K
01445440,459100,26299,K
01594791,459510,29280,K
01466373,459550,264,K
01678312,460470,27309,K
01765256,460850,24122,Y
01765265,460860,241,Y
01142260,460870,231,K
00667373,460930,31114,K
01419205,460940,27199,K
01497373,461030,701,K
00657224,461300,582,K
01767494,462020,66199,E
01467503,462310,141,K
01700587,462350,31311,K
01504211,462510,2711,K
01770203,462520,2321,Y
01563667,462860,612,K
01384787,462870,58212,Y
01728167,462980,63991,K
01639508,463020,58222,K
00367400,463480,26294,K
01686427,464080,27211,K
01232192,464280,21212,K
01775952,464440,66199,E
01671285,464490,211,K
01706794,464500,26112,K
01605282,464580,591,K
01785551,464680,66199,E
01781847,465320,66199,K
01284876,465480,582,K
01784394,465770,501,Y
01784914,466100,58221,K
01207901,466410,58222,K
01784677,466690,66199,K
01785056,466910,66199,E
01785700,467930,661,K
01786514,468510,661,E
01688568,468530,701,K
01787072,468760,66191,K
01792791,469480,66199,K
01745173,469610,29299,K
01516766,469750,292,K
01791321,469880,66199,K
01791561,469900,66199,K
01792825,471050,661,K
01448544,471820,10897,K
01796858,472220,66199,K
01797440,472230,66199,K
01806951,472850,474,K
01798722,473000,66199,K
01798980,473050,66199,K
01800285,473370,66199,E
01801822,473950,66199,K
01703849,473980,90199,K
01636565,474170,31311,K
01804476,474490,661,K
01286476,474610,25924,K
01764099,474650,29222,K
01809569,474660,66199,K
01807747,474930,661,K
01370517,475040,582,K
01817081,475150,411,Y
01708163,475230,259,K
01807738,475240,66199,K
01807729,475250,66199,K
01588189,475400,29299,K
00204323,475430,28302,K
01374717,475460,639,K
00968607,475560,468,Y
01641600,475580,33999,K
01383779,475660,204,K
01658831,475830,211,K
01573336,475960,27309,K
01626391,476040,70129,K
01632912,476060,701,K
01704680,476080,59111,K
01810796,476470,66199,E
01518506,476710,901,N
01596920,476830,70113,K
01813377,477340,66199,K
01814233,477380,66199,K
01817249,477470,66199,K
01814312,477530,66199,E
01814589,477760,6491,K
01709065,477850,582,K
01815764,478110,661,K
01787355,478340,31311,K
01816268,478390,66199,K
01819867,478440,66199,K
01718407,478560,152,K
01817610,478780,66199,E
01818682,479880,66199,K
01137860,479960,289,K
01210677,480370,29172,Y
01803927,481070,47430,K
01714997,481850,64201,Y
01834194,481890,661,K
01845701,482520,6619,K
00863533,482630,20499,K
01841635,482680,66199,K
01845534,482690,66199,K
01649204,483650,20423,Y
01380578,484120,26211,K
01847550,484130,66199,K
00141583,484590,25200,K
01458161,484810,291,K
01519790,484870,292,Y
01851650,486630,66199,K
01810477,486990,582,K
01853214,487360,66199,K
01854763,487570,64999,Y
01565364,487580,28519,K
01877126,487720,661,K
01854408,487830,661,K
01854392,488060,66199,K
01803635,488280,582,K
01194607,488900,31322,K
01866528,489210,661,K
01657197,489460,204,K
01873272,489480,66199,K
01747977,489500,20499,K
01857991,489730,649,K
01867758,489790,264,Y
01627363,490470,721,K
01385005,491000,27112,K
01866926,492220,66199,K
01859500,493280,701,K
01450938,493330,29192,K
01872219,493790,66199,K
01786958,494120,273,K
01867749,495810,58221,N
01872893,495900,27199,E
01875146,496070,661,K
01872459,496320,292,N
01881800,498390,661,K
01882845,499790,64992,Y
00630111,900010,64992,E
00642648,900020,64992,E
00680161,900030,64992,E
00695464,900040,64992,E
00722500,900050,64992,E
00694003,900060,64992,E
00783246,900070,64992,K
00786331,900080,64992,E
00790121,900090,64992,E
00781202,900100,452,K
00799070,900110,64992,K
00800084,900120,64992,K
00823687,900130,64992,E
00838500,900140,451,Y
00830377,900150,6499,E
00842327,900180,64992,E
01107665,900250,64992,K
01139266,900260,64992,K
01160512,900270,64992,K
01168143,900280,64992,E
01170962,900290,64992,K
01169434,900300,64992,K
01236286,900310,649,K
01328639,900340,64992,K
00599230,950010,64992,E
00687599,950030,63991,E
00844884,950070,6499,E
00907660,950100,64919,E
00938688,950110,58222,E
00956028,950130,213,K
01165739,950140,204,K
01245062,950160,211,K
01041828,950170,471,K
01338724,950180,5821,E
01416235,950190,58212,K
01442115,950200,73909,K
01510489,950210,70113,Y
01511558,950220,70130,K
01957282,950250,64992,K
