year,stock_code,company_name,industry,revenue,receivables,gross_profit,operating_income,total_assets,current_assets,ppe,total_liabilities,net_income,operating_cash_flow
2019,000001,Company 001,Retail,288928.325694415,55083.17408249503,42688.92020716224,20285.474734416457,442238.40056718723,215456.45651144878,188319.45997018646,301872.1510616491,17473.518589713978,19459.004274175404
2020,000001,Company 001,Retail,273988.41400033096,47833.03428829224,47840.216479786846,27069.534918233745,476235.51228592877,300262.90150525386,112864.75397113904,352617.1682255048,24269.47740312684,19417.651192579175
2021,000001,Company 001,Retail,277885.25214845606,57713.61747239934,44638.14825244169,26404.557282366324,520635.3865450164,325689.71247306716,228703.78155094557,340332.4920334072,16772.96304146799,19550.44492060184
2022,000001,Company 001,Retail,335342.584807441,59539.6242314745,41421.102898326666,24227.49292282341,535528.2941406203,274054.57486499636,211417.8974848455,332423.4056520697,14686.302111975294,10531.130189483625
2023,000001,Company 001,Retail,365584.1050579237,74586.38863361749,63756.430337458645,20394.167327226558,563198.2811382003,238776.94212555117,68952.11156736792,390721.5840453079,15956.915105745857,7020.970250810434
2019,000002,Company 002,Technology,260002.99271436644,16040.558433497881,37521.67438792258,21288.265662536356,409631.32773946336,227273.4467220901,124748.45400213017,235143.9316196918,9907.748672854555,7809.058363154326
2020,000002,Company 002,Technology,304603.0908616972,21892.838955355768,36662.1515755211,10234.289870416771,418180.1563886861,189900.64392531593,90697.39633405488,237900.5438987141,7455.844698788946,7496.769024191182
2021,000002,Company 002,Technology,347651.65610345796,40044.21102932701,46759.58016505471,12220.898543472344,421971.1042083827,161748.99671288105,151225.40753112928,235763.36705642438,6484.847369310023,6188.962859381603
2022,000002,Company 002,Technology,390237.9638471951,46984.696663489034,59083.76722214389,23678.17685047369,457692.2737180004,266928.22085920087,109570.68885288884,211460.68410443745,12052.261892617784,7242.970819744533
2023,000002,Company 002,Technology,433933.16210859513,40924.85523369328,83894.84584960813,53640.3049841287,434556.88790154306,267360.8515057303,116586.9613999264,227750.70875247882,26723.35754667157,22216.15393173449
2019,000003,Company 003,Construction,320224.47823955875,52910.69341946986,57644.28759524265,32491.457511055607,416145.3783314297,235586.66041065007,139179.56315404162,146401.37457352778,21376.25015017941,21953.384094747085
2020,000003,Company 003,Construction,396019.81410837005,74209.79781474672,85908.94325365889,46719.19791568258,467543.9620026823,193151.48028876664,198841.6028468337,179297.4156391047,29126.37858657575,34144.93608503539
2021,000003,Company 003,Construction,408340.4060994291,62507.871307214926,74496.50087731935,21705.672975231126,417479.060255764,221290.44626038033,117701.25253583012,176885.37006692053,15972.42390667446,3254.9212667695415
2022,000003,Company 003,Construction,447052.0934080189,75142.03369827486,69145.06934848469,18033.45171816639,400239.63421464997,262448.339647933,166392.84574691797,158113.2947639624,13110.645295490152,4770.452106066625
2023,000003,Company 003,Construction,445612.5730695259,99222.57961351635,78846.72010617467,23959.190131423202,414096.6287365705,285281.26433087175,81150.77182918381,146889.38060546725,17428.54346366055,29540.76082546879
2019,000004,Company 004,Bio,243575.59853212643,54956.307146080406,53746.7868923869,14643.597467939027,394985.4938145891,201832.02286305925,176749.66348973234,164787.49074373854,12070.776109671879,12143.165335592823
2020,000004,Company 004,Bio,254433.4722762157,69878.35703960368,54412.33493202945,31604.35086452431,422074.6314567755,206079.35684584978,63806.71053012754,204856.9807350347,18369.405005691082,9578.466109196432
2021,000004,Company 004,Bio,224445.7661729949,63986.01804509903,45313.30524214485,15389.946094433471,508639.09657086665,290825.4067841391,207832.71888292863,243556.00120306615,9313.408041374594,10944.785369316905
2022,000004,Company 004,Bio,226398.74375569337,53861.80624270156,49219.67279115591,17956.715523318748,528724.1422675761,210841.55773511715,181684.0823876358,161821.75582965638,12626.533257020006,8268.730326256387
2023,000004,Company 004,Bio,204110.7614331526,47688.39975376846,47915.49676872357,29683.267018057664,503443.0722598146,200617.7186133017,80973.15705865498,217988.4115014238,19258.180002057346,16086.635400385661
2019,000005,Company 005,Manufacturing,391968.81745143136,52175.04475722293,143033.68870618453,45795.06729634166,605589.7232889207,305866.5932757606,265767.0051762162,497585.13316411444,41971.71089446933,35651.43537135789
2020,000005,Company 005,Manufacturing,340915.8744855725,46564.33006182143,147827.30651143144,98262.925668669,594040.7025073803,383050.7055574519,116890.24733144652,427518.22221540625,73992.76032264237,56581.98267745102
2021,000005,Company 005,Manufacturing,322509.1782858635,27333.507117534078,113984.79667910526,42621.17026580075,612202.7512128425,267878.542326686,224179.2884325462,501796.4571356968,21423.06410296995,11567.419451242458
2022,000005,Company 005,Manufacturing,326420.4520834319,56116.01700072921,120069.45991552355,38654.67762330464,657600.986059136,454243.848731163,114833.88027837584,466241.61441469716,20363.543065372247,9546.153410653966
2023,000005,Company 005,Manufacturing,335898.857654698,45178.431896218484,127904.47805239135,69781.09013988414,666387.3578911307,401074.81060894846,166528.90178448113,496724.76935492724,49004.685974740256,46555.89915593336
2019,000006,Company 006,Retail,306365.9445093527,30995.10321909735,49460.921667825154,32977.04453811368,245407.63148149918,90610.8512918516,104346.78912609293,62215.719529788264,28748.97441718925,31883.967233621108
2020,000006,Company 006,Retail,280522.14227234875,35581.30459020541,55091.82114144175,35231.11920348715,243652.35812265295,97408.39160500388,72340.98252874926,84882.95806925948,30960.61685915516,1599.7210069007517
2021,000006,Company 006,Retail,288716.04414094595,36853.58612758085,53025.25240224385,25926.09463676365,257699.2192180927,129944.59069760589,50701.826695174495,68047.05970391532,16416.305250739126,13707.880367328757
2022,000006,Company 006,Retail,303737.31485956203,33983.717443049245,71019.13320767735,50293.90433400593,240874.0755743864,127166.30274585477,55005.810633225046,87365.8796026981,43970.96697230166,48528.45241306842
2023,000006,Company 006,Retail,354655.37147339014,43236.133328971264,61672.28442728466,38079.34117165463,243365.41316987312,103403.45725985817,85003.4946979424,80606.67734398395,28833.29140176879,34969.1353565043
2019,000007,Company 007,Technology,442364.3965988286,52773.05214717536,171060.61389040752,123679.13853383771,518109.3910015868,229911.99605515288,163062.0016404976,354600.7495072451,93759.03382676817,67664.98318784471
2020,000007,Company 007,Technology,535345.2189203998,24667.16074974301,223129.25101538474,141009.13967649802,570374.2702055937,368302.384673569,161079.71770851786,350670.662896372,129110.523069545,149357.27546340076
2021,000007,Company 007,Technology,457395.06205316045,51488.16783401084,198080.234362261,126208.94238111231,677373.5771282335,405310.2886949437,155863.97185725646,494221.117998545,104913.21197819345,109594.45352865609
2022,000007,Company 007,Technology,433503.0838543098,43153.621444922785,181709.7058329286,130479.14945429818,694475.3172270214,355588.37273443857,171185.06938974917,550054.097515375,94792.64965859598,62772.87693839464
2023,000007,Company 007,Technology,470914.31543098215,112258.20216605421,151739.7445633676,128321.26885459661,780894.7972185115,548142.8746479203,124238.74616133234,879581.1304652201,98619.63555850739,-6133.332595912817
2019,000008,Company 008,Construction,384343.73928248434,52801.39128955864,146361.53638689773,103802.66755159998,571917.6334184073,365500.4309231692,89501.77856934011,80438.02533211812,92342.85431550775,72477.91065939784
2020,000008,Company 008,Construction,430357.4295251486,69154.17378758229,168021.8027555279,117366.03509614675,634940.3044229374,229041.8993033492,126653.61189120864,156938.68537859997,98397.80248768831,121736.28196418041
2021,000008,Company 008,Construction,434150.4482556754,65377.88404692265,158071.39458441696,43600.6681380003,693428.9262008364,398161.56092918926,266615.7927304366,126233.23925380236,38137.697198985996,27177.206995219436
2022,000008,Company 008,Construction,502497.19340663956,81494.39462476682,201147.80660660318,134565.8931327768,701411.3980245301,255914.14359327508,130875.01764695537,227138.50011788076,102943.70518457518,67624.81336882302
2023,000008,Company 008,Construction,493818.0388748662,66680.59900245504,176233.46207347442,106612.84679042161,625621.3354350524,445865.1672176807,201330.82031009308,172541.807510713,80829.00794891303,90216.81070931867
2019,000009,Company 009,Bio,266621.9026922581,28339.19724667656,45161.12134284207,24215.690197470754,434123.66169847216,175254.9382984818,187623.06734934569,138669.7837904335,17895.603502261856,23685.32955264304
2020,000009,Company 009,Bio,271129.5559224023,28516.59298322963,46397.27375382212,20972.365555034554,499875.70350054937,262655.90429958387,79651.08619670453,169974.2250748375,12353.515498785686,16389.21203683319
2021,000009,Company 009,Bio,257590.44824198465,24457.182645015913,47519.56850429792,21592.49061202292,536520.1103233454,230984.00863976649,168542.99722790526,150598.3608334218,10105.931591962853,8563.594071060706
2022,000009,Company 009,Bio,337917.46678871656,24174.71461144749,62680.72393008088,37671.18343876713,617319.6832202345,364058.6892840106,206989.08535183905,226878.86034964758,31783.784387459644,42029.224875930726
2023,000009,Company 009,Bio,308028.0013570981,49449.094741200206,55984.8164831612,34618.37050667931,642403.7933459828,435529.9011108255,272346.36555376457,214386.05400050574,24583.805071752744,16647.68966387898
2019,000010,Company 010,Manufacturing,401672.5533308603,37170.54704242329,62354.32627935063,20982.057609833595,595409.0650768162,277544.30718050274,217377.03045100174,285969.2906892122,18119.82614773331,7732.250026945671
2020,000010,Company 010,Manufacturing,496990.28968202544,40608.3993236738,47980.75483926934,20749.741909816556,672525.5529985457,473874.1460607777,301629.91368168185,348916.36954933044,12563.56939678883,13980.464547444952
2021,000010,Company 010,Manufacturing,425958.1583382299,43525.50357502817,59222.97522172957,20996.252073089065,679430.8192267262,369802.42179437866,118246.73363175456,314340.16947791894,18227.941279989434,27708.80267652333
2022,000010,Company 010,Manufacturing,397794.0444870773,52942.509443888615,54051.23025470861,25626.92099001415,646295.2733371804,320078.9652232291,94628.13910646533,325503.45668153843,17090.324875667007,25595.347397086025
2023,000010,Company 010,Manufacturing,402953.368774492,35653.93378577477,62533.43174883863,22913.88417125385,611322.8080477195,280023.718888735,172249.48654500587,338954.93441672565,15962.842561805623,10770.161462342983
2019,000011,Company 011,Retail,171571.2770352298,28333.613104528962,58723.09462919594,24618.37970556586,290437.2387622184,192402.23506248355,81104.2875273609,169503.60179074618,21565.891622311927,19830.204832347597
2020,000011,Company 011,Retail,175016.2878669959,28798.715206225363,49656.815325796306,24799.034627035755,280169.4813356899,153146.82608918674,43326.334902894945,158368.6937997922,22534.10993531279,21810.758707953566
2021,000011,Company 011,Retail,168099.71661570837,35106.054978870714,53165.154126656846,37945.57764303742,316596.68482990423,163312.19276022632,70121.9150307125,157154.79115858857,17214.285573958452,17932.337050138907
2022,000011,Company 011,Retail,158524.70258825205,24410.39088056231,57250.650952275384,27981.42378743017,335270.93110402,211800.7215261074,140176.17205193074,150301.37234332482,26067.65142581574,22083.924584152555
2023,000011,Company 011,Retail,145941.44085717137,35067.940716785735,41704.59610418555,21959.63436767213,372633.4057390826,220605.64317127262,163973.22694751984,189176.900736307,13046.528908127479,20710.772300336506
2019,000012,Company 012,Technology,183204.25131662155,32268.537206752306,72976.82744250007,21339.127560274515,135636.77346351845,75349.05334610879,52176.717354043794,90297.2174973608,18379.210151928644,20342.748976887375
2020,000012,Company 012,Technology,154051.3891037562,21165.313655269147,65120.654685317226,39504.08402307246,148359.96994647113,94397.98506006283,60174.90185521642,85238.71209753251,33595.687143518706,34757.277598911845
2021,000012,Company 012,Technology,150998.55516281418,22986.90952962698,62909.81548550985,31915.0723493619,175824.05378710193,105599.28279549937,22816.75874121129,107604.13567060033,28653.90857619928,40886.97631542383
2022,000012,Company 012,Technology,139631.95971382907,28418.228902444385,68718.73647791501,27451.19911097167,140434.53407040518,79825.58619712871,35247.69493290253,87681.7641512406,24521.573681196063,13739.785580124035
2023,000012,Company 012,Technology,158530.16084939573,19957.174188330846,69220.28489022778,51871.721526680776,153417.81031970063,70519.10421583844,39063.372328799596,96894.30171558428,38252.07301046216,13168.847546090496
2019,000013,Company 013,Construction,287007.4194231613,31808.2808684902,58418.09904246035,33138.84278280665,593092.6800514323,282916.0092428932,153448.487603427,245457.43478619933,27372.073084432817,17358.05261390193
2020,000013,Company 013,Construction,291454.79397060396,17545.890413681787,52795.225637964395,37195.947407987995,611977.476355293,334097.2066527733,223350.31272419143,329060.5949610774,28890.821559911823,20227.729926843203
2021,000013,Company 013,Construction,259048.53948726814,28903.636322919992,77997.34115927381,41396.675216544856,687606.1361199322,442151.7431615642,260370.28452540078,370823.9892556094,28486.238408980415,39541.85444429631
2022,000013,Company 013,Construction,257035.21956885452,23355.45278847702,65116.683223658605,19596.67558801108,685171.4965538552,405334.5671125121,298231.38474275573,352289.25613062095,13060.914755236023,16760.011079599124
2023,000013,Company 013,Construction,197215.1436021103,16424.465064447057,31554.986733211277,8922.652669760888,655934.8829955421,340032.44647171063,190423.78316535856,363457.8430157476,4242.545044341955,2499.7720179232297
2019,000014,Company 014,Bio,304661.56826506177,34991.08861993676,70581.3659766272,48092.89220668681,311532.1570877964,109178.3862716675,89626.3147814712,167697.85879136392,29651.532283089757,35285.68404907577
2020,000014,Company 014,Bio,309041.44095108996,34856.48084277041,75548.89997316328,28046.8813976132,292146.12524231704,154121.53008795134,100929.257999797,196367.13003096083,17259.149694608157,21031.32730060863
2021,000014,Company 014,Bio,281777.52087097976,35613.53258567096,59841.00773279811,16377.706481940415,271125.1634490047,108758.06017791166,114743.32882770571,164573.19573641816,8912.108930653034,10983.75448494028
2022,000014,Company 014,Bio,239346.51521119304,33565.26765080055,58939.8508881998,32127.97664961969,221041.0645489051,146835.60600001566,26870.781782974744,142712.23986395466,24403.111268358705,27592.699189792074
2023,000014,Company 014,Bio,242141.3236472963,27962.425415838454,48826.23114253044,23301.27955373395,210140.85279322698,120466.82636668942,93498.88292515265,137830.81733272295,19959.402418523216,24934.418466839168
2019,000015,Company 015,Manufacturing,401316.43820082647,42456.93455114851,87406.44840098017,29083.96067227771,543394.8104351128,335990.69932314096,192182.50117127938,241608.33838074925,17699.817480641203,18395.857420545064
2020,000015,Company 015,Manufacturing,495859.0726679625,77083.45869252385,90487.61105831286,30446.544592410384,565785.5664313443,304221.9370000713,253067.72357146812,201203.52704927148,13953.343905488322,22034.37291248412
2021,000015,Company 015,Manufacturing,583253.1099677592,91339.83925923437,126342.57488072025,65458.1141424786,589064.5555125402,341694.5833351207,123792.96086745517,189014.87270222922,48915.78856821475,55222.38550695722
2022,000015,Company 015,Manufacturing,647915.1194302746,95449.1189863486,158843.99279469353,58079.76038845898,507378.5311315465,341637.6229985395,103357.71889983678,160293.8573433628,42210.651853622,45191.218442454665
2023,000015,Company 015,Manufacturing,718736.3915353101,127851.65194981438,151886.12746030255,112655.23754052632,592990.0892254203,299537.5483919869,171855.88515804213,206404.24572870313,95533.2499433308,99212.20532855157
2019,000016,Company 016,Retail,284487.4342836842,38439.999788932975,104665.14256445385,71119.06742146121,236793.79639897295,162832.5837696579,44992.868275678804,139470.47775753925,58086.31712510862,55773.812624774764
2020,000016,Company 016,Retail,302700.10536403774,53731.07779840984,74037.25121730319,47493.42072426261,243480.59615954736,136562.30425154226,37623.34776445977,164553.41120744043,41926.53971458914,26706.320472050335
2021,000016,Company 016,Retail,308023.37105730164,59474.969111356586,96933.81602048429,71693.44424837486,287976.31679397763,140976.9431783824,102914.99946036634,198750.67888713657,46408.23785418385,50024.18515108903
2022,000016,Company 016,Retail,453795.7327549101,58752.7599692796,160573.08584529386,115241.80793806812,324010.3779041014,169466.14188735464,59917.59309893956,225635.1538240085,74567.61416965452,71204.22908101665
2023,000016,Company 016,Retail,500879.67497441545,49450.37646640059,172689.1167612944,64205.53259127553,350740.1291227297,135596.85885968636,129302.6304427488,245176.9117846481,37820.69776541467,46930.23452994598
2019,000017,Company 017,Technology,178944.51728481732,22489.716866749102,13741.78428752357,4195.999373707679,293526.6678477955,130150.1435340134,63776.125153428846,140610.2268304592,3727.538696291007,3835.4358220126423
2020,000017,Company 017,Technology,211726.15958053482,20072.800812763824,21331.88047435212,6802.667737863173,272653.84264213877,126144.01323259865,82465.90619212229,97916.35547489434,5938.038320850154,3909.825010884296
2021,000017,Company 017,Technology,209078.57574862373,26149.311291551014,25967.46401322092,17553.13781165828,272425.1234965894,154237.38158691674,98779.36409533508,138433.39792994858,11157.236366122268,12121.13341097654
2022,000017,Company 017,Technology,224410.7078604979,36761.09404444682,25781.583894178635,8000.738825837076,279305.42458399286,190364.84932725434,42770.19693349849,136218.45649164155,6986.559316005,4798.965962538823
2023,000017,Company 017,Technology,249458.15843921434,27078.827851391496,40705.10785874858,27503.111328590454,305995.350683521,206116.26558833456,70983.67174520597,156265.3969315313,15792.374587991611,4606.960203916802
2019,000018,Company 018,Construction,358223.4455154233,79703.20821827205,96122.23200219401,30362.84230787931,490439.1327624052,194456.9707443999,212969.46911964787,368937.6395493763,28134.293558393474,29776.408677076015
2020,000018,Company 018,Construction,407171.48943146184,85487.30842391052,123579.4543824006,38244.956214727885,453613.7988917013,312646.0126133155,102564.75043965763,325936.37024332304,26102.45285520727,27440.874525890333
2021,000018,Company 018,Construction,412773.851115238,57328.559390487666,118377.36064700365,73489.53158172779,486992.5736855646,254911.85049193606,83007.61648571018,349597.78799301764,45614.47704674895,31964.996408931034
2022,000018,Company 018,Construction,511084.33483975264,137085.07904486125,140671.29225810364,90988.6805793643,482900.3686813932,206885.7241772583,205159.4945363957,310928.5446385867,70016.41067008943,65642.92256131259
2023,000018,Company 018,Construction,451074.64458947734,87326.32759831261,136688.78377439588,42990.67673687599,489862.2432715482,199060.8536057889,160994.85665968357,345426.6132312749,39161.334873449436,23500.745252375527
2019,000019,Company 019,Bio,242725.3324923358,45555.96556656703,68910.37351513539,46376.941901962244,252706.05843113625,92210.89511510983,67820.94547465631,150746.15327780007,38252.133425090506,44430.21021878808
2020,000019,Company 019,Bio,247739.899816168,50467.615462661495,75861.28376399273,32860.66116610234,250613.90096231693,156194.85406208795,63414.40604785721,149769.78905136668,26613.562523056666,26411.626322437787
2021,000019,Company 019,Bio,266815.70969079545,48151.2024175465,64024.186184630256,29071.995805817933,281282.8555817512,144247.06333952007,45431.77059963488,167921.96884825206,22785.030235692207,18656.507800908
2022,000019,Company 019,Bio,309055.9080348054,46691.512459467114,94294.29747286755,60261.19522636697,303190.36273670144,202662.51908301,61063.91083530742,160364.47524131672,31015.316428979742,26491.804578217336
2023,000019,Company 019,Bio,314066.2742670329,137568.47707261983,61352.20978993284,29931.459828537107,334106.7436164975,183948.8968913327,117424.84319053036,253375.71133681302,22599.15734109939,-5438.605714959647
2019,000020,Company 020,Manufacturing,336505.0308698882,49772.50174837121,119530.76155793926,56415.106039055194,351537.0857128598,244774.17415507702,141252.81930113,242674.6996580556,40747.17563985495,48672.428807692704
2020,000020,Company 020,Manufacturing,361154.1473260625,45673.28430695487,111776.6448073383,79577.95709033556,338800.07246081514,224295.63163877348,150023.20026339067,229020.85970577766,66235.40864209732,65465.5355508067
2021,000020,Company 020,Manufacturing,497622.35220882687,91933.39429858461,164276.87670259844,64833.523338680716,305688.61097007623,136150.37886310398,95792.80043115742,223268.82937806024,36269.70802946197,28661.596334272082
2022,000020,Company 020,Manufacturing,600724.9733791555,87969.35221129411,176294.42132710747,114371.96097099494,300362.48668957775,198387.71955536027,49754.623351648785,218729.9431478069,58084.03869079549,50518.451580099114
2023,000020,Company 020,Manufacturing,512380.4041768456,78709.10782807159,187120.6637416841,104756.55887507676,284957.55594365665,198094.88153120992,126427.39754139264,213789.924788799,54368.52401911967,59881.93046188761
2019,000021,Company 021,Retail,349147.7131760373,29367.300836881386,129189.52597969963,76619.91240150986,523690.3291407334,309759.7356727609,234285.36494770672,336754.49768741743,38126.033432502,42819.15101216381
2020,000021,Company 021,Retail,414290.3864571357,52725.121468032296,160819.97169354116,44339.60641356089,609678.1862574676,365037.40006218926,144250.7364225895,376026.81699852424,38400.761199515364,25801.094765606806
2021,000021,Company 021,Retail,509354.8914874144,69373.40970063786,184187.08576656991,91288.41014761882,685291.7041926016,466287.19369911967,114779.4182457696,401358.94829910866,45465.97508681251,37443.74708248879
2022,000021,Company 021,Retail,563226.5474007103,62107.86345697359,208310.4886550588,97522.29045839218,644953.5739555942,410584.43394744565,84809.2379875083,366474.79238066863,84021.66137292574,76925.51946997862
2023,000021,Company 021,Retail,579162.2009169991,44397.666546491404,209579.44650004554,138238.59026267965,535475.8677830936,205793.95091296648,133964.76407104457,345997.1113945974,80002.26357686055,77044.55931164585
2019,000022,Company 022,Technology,289788.0078818993,46307.065486100575,57942.932763713434,19593.152546078632,480507.32431223843,199352.01823638089,188178.92859793233,236189.87260381295,18519.334708205097,19360.59108433206
2020,000022,Company 022,Technology,286022.85214199487,41561.71347142945,53142.176517540196,39208.18213956327,533258.2275015196,358860.29147498583,97831.14065255487,225560.9233209102,30505.414037087998,26261.71866265532
2021,000022,Company 022,Technology,247137.37775574706,29909.231707384788,64127.08017303244,38813.96605281294,502054.1939896848,180656.0548983818,68440.78846640067,213312.59469445667,26901.806082940653,24456.214940398597
2022,000022,Company 022,Technology,229906.7724925429,23574.316653358957,37451.24564388069,16579.094956587243,517876.4052209555,233126.10415410937,151340.62490844645,215599.9071092476,12136.68615129176,8130.6804680398955
2023,000022,Company 022,Technology,262615.96051928,28397.72750033126,46291.534331537514,26531.77910995959,538040.5094694599,222547.183399266,222634.22607835545,300726.31664846354,18255.08126161724,15702.492585684258
2019,000023,Company 023,Construction,451106.4100521154,36164.830218229166,139514.7074369233,47165.618498015574,367810.02295039076,147063.7064406044,148555.90185766495,187279.6829610008,29732.231613189582,19093.19563766879
2020,000023,Company 023,Construction,611976.4927774771,82862.64707181221,189214.42847719995,131349.38785938706,393465.1792604818,273055.64689263026,60178.23629784144,186496.67118706924,66681.25306166505,10840.749907514803
2021,000023,Company 023,Construction,553595.9752929911,62070.17857134919,200720.06939584712,102975.47008045077,461336.1788209098,331594.86741096503,62085.600611631475,262538.6736649385,63017.72691627706,47148.19001431549
2022,000023,Company 023,Construction,627080.4424448882,62390.673251983346,181963.09861163856,90857.77317286849,505909.91567735514,269477.3019240628,222798.65956111462,276839.4403479135,58945.117183569084,39647.42654281912
2023,000023,Company 023,Construction,666872.518179753,85818.14017505565,247019.25463084594,168732.01118691952,555010.3466888122,315275.0324270493,132293.388025995,286572.2871055927,112334.93971288532,109391.23846579708
2019,000024,Company 024,Bio,335703.1367660443,48181.41896423242,78404.20761413903,32173.77605757698,446059.38896798925,213180.8807661757,109255.83294673056,237628.50095981074,17149.630199319086,22290.53568069158
2020,000024,Company 024,Bio,360096.5834500987,44938.496808426906,91402.30207969973,34615.073782505715,499398.18980477634,327561.3934728721,212781.88459409453,238841.39921695454,27154.61948844157,40404.38963864758
2021,000024,Company 024,Bio,449549.91290873085,65320.018670430196,106366.17494549285,26837.185719276924,500649.4474582103,182366.83795650234,172492.86239759641,232266.74738326523,12432.761546116852,17005.114747128417
2022,000024,Company 024,Bio,349668.9117871108,54503.09766597219,89909.66917352185,57841.12499625326,419839.4902321932,198317.45758475154,172130.82998201562,229199.38759303634,42370.8772790201,42769.048734261494
2023,000024,Company 024,Bio,350690.99110924243,29017.810647497343,92246.86742588507,67590.0155923033,420067.34334265,296787.89808536397,169019.09446326504,162932.6790725944,50498.95735349842,48919.277723049694
2019,000025,Company 025,Manufacturing,123982.51700850856,13203.753547340071,50115.91379703792,15495.817572374724,252638.92663710273,162714.0476914417,100157.83419625174,129118.57042425389,9326.90639656104,14854.768362270996
2020,000025,Company 025,Manufacturing,128150.50514116781,17789.900370593514,57713.30990922443,19143.265390966375,272244.82829352515,162607.03737802638,66515.46153967803,112365.66572073364,8998.244133358852,11595.25612679042
2021,000025,Company 025,Manufacturing,140719.68571867238,24323.612035166447,61481.01551935415,25949.325360468523,239877.70697168243,92549.55819202807,103774.82195820693,120991.08841550494,22173.304123299094,35495.53927692867
2022,000025,Company 025,Manufacturing,157734.3648272132,38442.29284620603,64391.76601874822,29910.81631587585,265254.08198923705,135146.49119586367,34972.85743597347,123222.72438551836,28318.708381552242,49796.906671048026
2023,000025,Company 025,Manufacturing,173900.50485279097,34579.24818607884,71537.26536396108,19498.00910880641,256440.07660901194,178552.40858711553,101644.38267847327,130403.14752097253,16911.672920081444,18825.434725082567
2019,000026,Company 026,Retail,318248.1942694081,53809.29728170594,77052.41354533125,30283.420883798975,403316.75033630675,285071.5719554844,60946.96778964681,240379.12436675778,24345.506684802738,10221.115968591132
2020,000026,Company 026,Retail,371645.7028062462,39913.96061928386,93943.07512859628,60865.18126412832,435777.90417999454,240505.82828458113,130451.66104873637,238930.76169496257,56963.83935640982,78559.50692997137
2021,000026,Company 026,Retail,255425.72004786768,36631.46727162046,51325.719092917985,22878.614862854814,439375.7495338852,168372.6084911463,63952.85748481693,241895.72821867114,15398.141647225331,11007.065784581344
2022,000026,Company 026,Retail,319808.626515002,50876.746866421774,63120.07629757063,46574.285227274464,433112.1046275302,186636.91226103943,125688.86127743895,243626.1575328714,43714.454814798635,59621.5224111686
2023,000026,Company 026,Retail,325527.4377176751,44023.76779971226,76852.23444978723,41060.98512017686,441598.0910973367,303645.5211513085,131279.2660001651,235497.33873998607,22621.87741137477,18174.48281216285
2019,000027,Company 027,Technology,645718.0274309878,105524.27774340722,95575.55553285604,60727.427926170254,914586.9641976918,503001.2242006547,164924.62676819228,726621.844495522,47160.674126617865,29758.13692684039
2020,000027,Company 027,Technology,753666.273219761,117202.355822912,127775.58870692179,91785.65782772924,1035417.6892369646,434382.90638690005,160917.45189613604,665409.5120839059,65147.146840793466,59987.03195166183
2021,000027,Company 027,Technology,755777.7434533417,81593.91266286989,136643.81270226152,62976.81461443478,770804.3954695786,288840.0850325025,243324.20806862548,613835.3430923634,48416.85784868749,50911.01058267521
2022,000027,Company 027,Technology,1029634.846434646,135375.35106437825,133211.18286122935,37321.165567936485,918524.440788426,600916.1522007077,306695.89017542923,647246.8319631161,24784.42368917913,22554.48328315915
2023,000027,Company 027,Technology,1399218.7553681198,257142.95434279912,220927.26704550697,129447.27163316795,963600.3446825803,679740.2340614245,233577.75085381724,720201.499486131,110814.82301308257,106835.43786293593
2019,000028,Company 028,Construction,237739.16850487457,35702.30948964585,36522.379484005396,14108.348621420875,268932.3441061974,105143.9341706702,117118.79813544938,90956.60066930328,7743.134227935727,8575.46246038751
2020,000028,Company 028,Construction,269413.3242369107,57905.87914597432,49215.03500002072,16614.51763918354,282771.1839951374,136392.58064640366,78574.6541143664,105803.35421975589,9747.984242162744,7157.919670766937
2021,000028,Company 028,Construction,284783.6006843528,51230.32569716981,42358.17409960446,20779.29157881372,276478.3897495677,176785.2983456868,101422.43188239165,108751.78538376986,14007.742617528236,10530.97578857606
2022,000028,Company 028,Construction,278746.6317385531,59914.33117777924,42646.7117736944,19021.713330393388,324174.9687176727,142359.17900911946,119324.7972522754,148350.0124125378,11154.373880339066,10861.790294431832
2023,000028,Company 028,Construction,315333.9917889908,49427.968114663796,34332.5421776466,21683.669565583794,366175.2476398608,254162.69290265112,104110.03515268935,125227.85235589325,19159.389855700127,9698.389821571509
2019,000029,Company 029,Bio,97296.11812285456,15682.131035015618,26931.35774357596,12218.250535301517,139233.4056197124,78001.60582132377,42078.24157466202,89953.51253438691,6162.012595934908,3784.7099012257613
2020,000029,Company 029,Bio,112610.42792551291,21541.264044235217,34207.72337499214,23772.640376553274,121309.22524872683,56567.55182727143,30636.44336900621,84801.96790492046,17904.356946327025,15526.11067413763
2021,000029,Company 029,Bio,93298.19515996493,21302.454662421846,25204.01205689232,8760.732237663236,116417.55093433817,43242.1092137133,50439.86704408788,79866.00739057288,7596.084401284098,5545.674190808501
2022,000029,Company 029,Bio,90058.94124714861,21143.568631852995,22866.42480559653,16158.389690992453,130056.25422829861,52259.26906769166,44693.030979281335,84141.52186928235,9171.957561604342,6675.491893701233
2023,000029,Company 029,Bio,81840.91930682598,19051.718533240808,17241.137432629468,6491.587807541719,137366.19031879128,87508.12904161845,51472.52408547352,96658.70677640018,5631.860714965434,2861.9074344879123
2019,000030,Company 030,Manufacturing,314480.28332583926,21696.877067667014,56234.87245937673,35064.57429779839,468169.0110530858,228218.80995252586,85354.7102005822,326683.25152246084,22968.15151126073,10674.33842854446
2020,000030,Company 030,Manufacturing,275706.10300352296,18839.026365554528,53414.90118790664,24353.01363125868,478757.22908150527,239015.29966035625,203330.34928702321,395418.66388208873,19845.456454823467,18471.611008803746
2021,000030,Company 030,Manufacturing,332846.10370627244,16983.619372183406,57591.9482166358,27754.369313757947,558448.2757629588,255260.55932864442,213718.1259368748,411104.2958554679,23628.968258659388,24831.131528382055
2022,000030,Company 030,Manufacturing,341896.6431855913,30269.648466699942,55406.838756319004,24989.808451490666,578408.4110428137,250528.9881865305,231017.15613527724,441464.15363301826,11684.194994699674,13461.254752126677
2023,000030,Company 030,Manufacturing,364479.76147670666,42264.05153442496,68584.9059582839,46329.00521434504,645611.0684144546,428621.75581416406,125976.91176282975,494403.7873138861,40941.48718832239,21414.178316335234
2019,000031,Company 031,Retail,193958.63721551182,41303.408008245395,76698.99998104169,47736.34268450923,420737.90392855025,274988.9082375873,154531.32874167923,122478.30307729582,24294.072626489204,10392.104358478518
2020,000031,Company 031,Retail,206944.0765527998,50076.52919755096,81989.95647982265,52756.084179673315,432553.5354025971,297539.2541300743,87124.61631944189,147484.09262154612,41623.80794301071,36097.9874151648
2021,000031,Company 031,Retail,177199.37909119966,29901.886229864343,75151.55583877703,53277.19235399352,466659.26571780426,333264.0370374705,110214.05590099697,144204.02453501915,36599.6393722964,50031.20831897607
2022,000031,Company 031,Retail,171793.45721342176,36556.359961945825,70437.39851364832,45354.38911173874,495777.28391346225,243738.87217498172,219824.13667368912,159096.31950089944,27242.575474641704,23712.025021237223
2023,000031,Company 031,Retail,146031.89175723415,32397.999714246707,55458.96740239837,14542.751044318038,564617.5394726421,243608.9913306467,200401.3279687374,162189.8108898668,10147.968604232616,7369.189057461744
2019,000032,Company 032,Technology,347871.58347208425,39255.71989246398,134830.90747010737,48264.39458709702,520423.2201047448,284452.0489606377,196282.34362336274,199934.4992527464,27287.392927659508,27867.839777473462
2020,000032,Company 032,Technology,317734.11391243385,47955.49760358156,106054.35537977959,54703.52154684889,515562.3974723395,271273.21601336286,138348.9212883503,143551.55000843434,30128.921130492447,26893.565348984273
2021,000032,Company 032,Technology,312801.34755339124,51117.66089315856,125167.28218085613,92144.78914151472,418856.48173944646,286527.2767845709,177689.88402061936,100117.21744388105,49257.596087834136,23720.79120362443
2022,000032,Company 032,Technology,374157.6406702225,48949.78127318995,172573.80323317784,49533.6588471142,377067.7501230563,150465.3299196314,148185.36963042483,90112.70791432307,41470.00528943797,39941.13605022605
2023,000032,Company 032,Technology,392187.09226796904,55704.20825914623,141299.1752599644,66932.90723774661,390987.86545634246,186909.2524185179,107257.86712720875,100080.63332727866,56778.23910653342,56152.12560795015
2019,000033,Company 033,Construction,257963.46016854516,37141.50051079166,80242.76869832548,28751.88130663365,296301.26716431655,179230.7216333777,124515.53647835003,189104.36692235668,21115.86761579049,28183.708414970813
2020,000033,Company 033,Construction,294528.108571971,56792.4783598441,86854.41002748418,27579.740336715146,358819.1738862631,217663.28965109724,122955.71146676998,229475.9672876573,13432.30645708706,7815.445861474335
2021,000033,Company 033,Construction,306675.34042302246,48205.49763571001,91475.84267877182,56847.95103251538,329513.75106795254,144232.44213635853,129768.27188822783,213678.41577285223,47195.7853263509,23438.87049677932
2022,000033,Company 033,Construction,393093.97604157566,56431.437918464304,112193.29934977197,57704.24155069148,379583.3879761202,217402.16316947516,137933.009741852,270071.6114481291,40845.58495637578,3972.9895099717787
2023,000033,Company 033,Construction,366424.87797406374,60993.73401220183,131579.52965708976,62538.20199185185,420872.99354026205,175473.41525865046,80631.8247491298,247523.10846966403,28159.955787510007,29450.944438323644
2019,000034,Company 034,Bio,272282.28900656523,47895.662630873405,48890.62002226774,27905.820509919635,428645.97384218074,215409.89624054026,158891.4357174077,72882.13809902572,25196.05166285027,23931.28334123731
2020,000034,Company 034,Bio,290024.2461034537,37145.349915384184,31052.873271593577,12217.635198382182,486973.3020841102,215563.71979230785,100680.53206297566,118319.02185524064,11567.183713858047,14764.626220610546
2021,000034,Company 034,Bio,325673.3588606535,40450.21359149371,61670.166352816785,21703.600988305476,493750.5846007959,269370.78604124155,194950.6184154833,148008.7803874285,14539.340429259835,21744.829440491172
2022,000034,Company 034,Bio,308121.4243642114,60262.0476689533,51766.6300205654,21246.321043294898,502319.3996344079,277528.78151501366,153235.81481525025,135863.67861431738,16324.295052395839,14029.963284956157
2023,000034,Company 034,Bio,385822.33329252165,62585.81273263947,64283.5963193578,22136.448844855906,477168.65992198867,317170.5369440092,127534.3811882412,78345.4244867669,18365.959688406252,10259.09585864198
2019,000035,Company 035,Manufacturing,308914.6079675663,53812.93828867573,60995.11507612755,41134.86507725449,346884.7142277122,141354.45754268605,111061.00035598318,128791.91470389023,27619.00807233013,39892.331127247315
2020,000035,Company 035,Manufacturing,368576.16635745915,72030.5480772988,72328.77671118632,50771.33629764368,370815.7868440926,205177.0607620474,62858.119029026835,141687.75688962633,39601.29311293032,29080.518198632897
2021,000035,Company 035,Manufacturing,333462.83182394307,48615.04725151044,74830.4519552409,36563.39015951205,346176.08842496946,167229.54310027038,67177.97786014815,129727.2179238798,22892.566982418553,18087.795054493607
2022,000035,Company 035,Manufacturing,357868.36490913737,70917.62531932443,61053.24499129841,38971.76486203585,290514.6757316443,188803.24928260944,103092.88639543482,113221.22109511822,26793.5256838799,14792.091864724676
2023,000035,Company 035,Manufacturing,279036.04948099353,49377.81136825456,43523.68857165494,19888.809291362842,294395.558614673,122282.13613806931,115419.87752600621,91489.92164745442,10952.253340501244,12715.872028200341
2019,000036,Company 036,Retail,289285.51245725993,18091.331692607077,105357.9023210332,30456.65905617517,543635.1060714273,361203.12617922435,175356.7470841738,311819.72825528274,20059.572042990996,26255.408407657866
2020,000036,Company 036,Retail,294710.4043263256,16122.24765576836,111905.36038881358,75478.95827028378,485673.4931042575,254887.96240207492,139992.4804477822,323625.9233437573,70552.39321452372,41906.1094585218
2021,000036,Company 036,Retail,345580.15387965215,13501.743475500723,116390.71347085823,83950.7826715502,540672.5101098496,336100.49513214314,103284.90582562814,435877.1205579669,53652.96715892377,29150.888809760534
2022,000036,Company 036,Retail,335888.1359377078,16855.994124403693,118148.85161072756,70471.45336680966,518958.083435281,371213.65925398574,88065.85552260117,329964.75127232494,55467.9115473154,35045.40245558868
2023,000036,Company 036,Retail,317999.37557784637,26539.943559924366,113292.65787736021,47302.34010237357,643558.0043952864,426620.2504198527,187676.7863864588,434233.00820228754,31843.686833821885,16847.09978899208
2019,000037,Company 037,Technology,285210.32258350874,49998.06236858904,48384.032192431514,15477.751686806145,268979.18787440256,138039.75581506974,69056.84110256207,183108.8683831815,9129.059091292249,9007.108650918884
2020,000037,Company 037,Technology,365227.8665068495,66625.41699124675,38603.327482376124,9916.757749722668,243685.56295978295,107677.06475889731,65956.08472429782,170842.5257097993,8480.328059689315,8148.463312622109
2021,000037,Company 037,Technology,375173.6911388484,58500.15536564295,63195.42903224828,26694.736948782098,234279.87026047698,118516.01244423845,35867.03960497247,166826.65321121702,24591.24841432573,25355.572829807083
2022,000037,Company 037,Technology,444757.96753077017,76932.16771204547,76323.49743591825,43212.648906855444,245709.62693243282,170470.92480825775,109029.1228833888,164612.9053693902,29059.161634416134,32020.3901163917
2023,000037,Company 037,Technology,486005.2991044498,92944.64427092875,77598.45070786722,36956.56988662374,243002.6495522249,160814.83046521002,55134.24340751945,152926.28028199103,34703.06442724494,40969.71183750169
2019,000038,Company 038,Construction,339765.8373386733,56420.790436279036,41964.79768149865,15922.191995089288,569753.7753020546,305776.4467545585,229978.35453141658,176232.8700025026,9390.012208884082,369.3945328690109
2020,000038,Company 038,Construction,369224.6799388459,73253.07963966909,48887.74151145347,19589.33358754533,565304.9636078177,204355.3429433486,140934.1704054262,237284.7986658261,15475.91571484041,20100.029718296828
2021,000038,Company 038,Construction,343681.4492532049,64872.230234051276,57398.80748847085,34920.0497344505,604570.6417662891,315953.7123222239,144630.61037106536,201435.65349350355,25700.29452702316,28894.14792254092
2022,000038,Company 038,Construction,368871.01941624127,68190.43596059871,40748.955211610126,12712.411917615245,560862.7810514731,245788.345907666,205582.33872323073,216265.31097087788,10849.689050191377,8435.623264428707
2023,000038,Company 038,Construction,304197.7002768958,42091.37434632574,31575.840696846157,13286.139053789597,549493.0064792618,225433.31057560435,160081.153154448,201913.17701926667,7160.647603659463,9219.997859461304
2019,000039,Company 039,Bio,238790.72784659054,21046.454245170597,27196.09839008964,11947.530595050488,523125.49254537193,257645.61544814345,121298.44422770433,176047.89592485328,5912.422360846006,6417.760383127718
2020,000039,Company 039,Bio,217304.87802927705,24400.168641459768,38199.37720364359,19180.276978693546,552339.3336932396,302005.2434253787,123620.12554022102,224071.98694443458,15965.247188340347,18683.991517486986
2021,000039,Company 039,Bio,234068.55768485487,20853.179215050302,41199.69279354158,16654.144041444953,619656.4605196642,429929.81633977685,93650.3513922722,284708.461399319,13906.965691249028,4866.463622308352
2022,000039,Company 039,Bio,226391.92012497562,18050.978201091893,31041.273049134463,17110.108839188528,692272.4081380516,461772.24141989165,105434.11403312776,271963.68946034217,11242.860214232813,12633.827577211523
2023,000039,Company 039,Bio,266794.03631059016,26401.8935187513,38604.711446851565,26625.895968846697,733710.3544579664,330188.85270511574,304442.27649733593,308829.0549975626,16345.740320472425,15781.419180953391
2019,000040,Company 040,Manufacturing,233366.47903324547,30925.22320115199,53328.68383383829,39190.49191772013,288132.2944057443,184504.69288729702,126578.15887713338,132944.06060032142,20420.28274175661,21178.42389667758
2020,000040,Company 040,Manufacturing,273043.3376728376,37484.52685516382,60814.949040720356,43470.49431564117,308851.73884799733,121261.01135394364,94531.67031019139,143728.9701578746,20840.809945835164,12922.594920067075
2021,000040,Company 040,Manufacturing,322670.06090828864,35167.92497505095,72172.81371871992,41965.76490485936,309951.9523512369,122093.36752455008,133039.73801079672,158867.27656478347,22786.873598597518,24299.61004376946
2022,000040,Company 040,Manufacturing,308076.02163365006,26867.239434666793,64675.269093699935,19536.830217530754,343348.8053947461,247181.32850686894,92795.57693479247,194471.93241332387,13503.622649613759,15687.8023048723
2023,000040,Company 040,Manufacturing,376511.2541906793,23748.689087958828,76592.81299739893,31200.75054971638,453654.7335482556,218394.3826466029,122173.11096596725,220638.15941580455,17005.114435533545,18148.960544010897
2019,000041,Company 041,Retail,406249.0697154852,16260.365829633694,116206.68083788302,72542.8610878628,496384.4583515198,334671.7716826095,81920.94947878677,129137.67013024405,46004.65725781112,52543.9435317313
2020,000041,Company 041,Retail,468970.99580015085,28892.8828891384,148768.5300556812,65898.6041380066,470022.79578582046,198760.90423025278,97024.8333333973,133618.7586341336,42443.76980685757,28238.40691785314
2021,000041,Company 041,Retail,464215.8298486395,41249.163454597154,155170.12452060377,113755.42197540804,480510.9223549022,260981.16687595498,201926.64265665927,146777.165481817,54529.72409340984,43516.34744934323
2022,000041,Company 041,Retail,539767.4909357423,64167.49886918367,199427.2304085755,105896.77419074212,546801.5048295181,216986.47732674668,201223.74931450692,152379.4502861654,85958.0725156085,36966.5526497689
2023,000041,Company 041,Retail,578656.8361576574,51348.59767295609,169140.1407189558,115780.97503135575,526659.7619341913,191429.8544056254,159863.77770164117,164603.26236319545,101907.28181357766,106702.15556326928
2019,000042,Company 042,Technology,313154.57341675815,61812.766336300556,48298.66547039608,19133.795092229182,375358.59499045264,266379.21973704715,132764.66560035356,131311.0174141036,11553.257993822193,12966.26672574482
2020,000042,Company 042,Technology,306682.4761087334,55517.693339261925,55100.63777122396,33872.9817388635,330984.9399687071,232048.01070176484,122347.26102284023,150025.22796497567,23474.742713806976,30794.75808782697
2021,000042,Company 042,Technology,277940.63165839773,57202.763177721296,59436.34092541836,41549.57087966821,355212.8884146278,255097.3735222379,51855.85498580718,151470.61496511268,22451.439340554818,25081.934288163367
2022,000042,Company 042,Technology,323138.68463997234,62781.10743774456,40688.89715152315,28873.768763795146,391034.3938270211,141577.6013661794,55567.06049162849,176386.05405562467,14152.150336869447,14072.94700248896
2023,000042,Company 042,Technology,213823.65223491038,52771.02243737119,35262.028356362556,17595.722014774827,356698.118763064,201449.60357508005,87149.42670442816,169345.58416950144,9137.287336566562,10146.918275670656
2019,000043,Company 043,Construction,367889.2628127702,76000.13553822947,47069.162775527504,28800.333129912375,638536.2442074849,239174.83732980894,258377.8001692108,253681.32920559592,14240.738620796828,12002.925215169153
2020,000043,Company 043,Construction,366517.44808054314,39382.25002468557,46804.6443772836,21676.265268181483,607246.6432937062,391276.00117180496,170840.60851366425,264428.3404004802,20474.228998291666,21323.85103664853
2021,000043,Company 043,Construction,427884.5457440096,90170.83494089317,60939.387180559046,35503.71249907208,648493.358654882,391384.8135967116,134169.8409301725,295087.12300837267,22484.16496761962,19232.079410753806
2022,000043,Company 043,Construction,476890.34935607953,97773.5300926081,67286.11707760316,29102.83516577307,755999.2226305512,306541.31500123645,308292.26425692835,384261.299409018,15043.05797033585,19554.259053149606
2023,000043,Company 043,Construction,449576.71785757196,189263.66372696208,45231.19148185038,17189.4339342536,668869.747241477,422747.7522039875,298163.06355865684,430278.0950783741,14164.70343503289,-4410.10219715978
2019,000044,Company 044,Bio,390714.43148385535,25226.34404050827,134256.38773652192,70837.40383322287,675986.3799236884,385775.07548300794,257854.58298635957,289146.2356923875,63489.49287730427,33978.64943903995
2020,000044,Company 044,Bio,303101.6208618914,27266.615352133515,101488.95323033129,72663.26755860967,713171.1151203146,429544.0216067947,314946.9453097114,293818.61666820396,52224.45549570931,95892.80282766744
2021,000044,Company 044,Bio,379608.3789122757,27394.136382082834,103276.56559416576,73918.23591891029,821530.1319536173,325179.83324013295,152257.174914726,348216.4737518006,36845.82132784661,30429.340553841797
2022,000044,Company 044,Bio,282010.1335090946,18156.758894988754,84556.71604471577,53158.669476586874,895832.9850275064,588054.5178835173,319862.26087348803,316192.27399563184,32492.261749870122,38646.72728432232
2023,000044,Company 044,Bio,276417.5846871405,27247.251469057283,91839.64425991352,57680.84415713924,787544.0927588468,566352.04517413,136188.80048573448,272968.9289876125,41513.99251571122,26543.534587516995
2019,000045,Company 045,Manufacturing,207629.5582159346,38647.259391761225,57021.448669804726,32067.74039824222,222646.00052337415,122205.45476957409,71256.69950253451,82326.34509171339,18810.239697242923,15535.270847271353
2020,000045,Company 045,Manufacturing,156057.40347471708,24435.539058006387,53500.805875543505,19306.781984788926,219624.3631600096,136515.45731822815,86324.55977318814,114199.48264193189,14396.706383371053,10491.887164177513
2021,000045,Company 045,Manufacturing,177922.70015219203,23588.362173684724,51087.90627616173,22178.087387292515,177300.55659501988,65360.166394935644,29643.31310268629,90215.4329659335,14120.605749965533,10563.66800908834
2022,000045,Company 045,Manufacturing,188208.62956603576,26547.076138453303,61428.442978533414,40411.64216052881,216697.7193479155,106579.9201241614,81245.80761661634,87597.37642437148,20424.46361674717,7422.402012178363
2023,000045,Company 045,Manufacturing,175447.47269131997,35790.369953854235,51171.9431421609,35402.446144176145,231355.46435471138,125670.51500596442,69925.69216507916,113161.2449178606,30436.381385366,56650.29937090542
2019,000046,Company 046,Retail,271959.9844318899,54464.332079735395,51901.77419100919,29644.15017751705,447315.91508268344,233124.06698437844,115641.26048017594,283208.6385470398,14773.94630444586,7522.973631301699
2020,000046,Company 046,Retail,241850.8041120483,46249.99497985616,44035.418862136146,15745.55136473322,458292.5663886216,188077.07008072204,140189.1111783648,347544.111991246,12015.109712982838,9475.605757722182
2021,000046,Company 046,Retail,242740.75573042725,57179.96634586403,42705.60371983311,24156.12403915078,491644.64612807555,284885.5862089748,162704.96659374124,375299.6923566005,11069.328858637318,17553.56956100905
2022,000046,Company 046,Retail,229496.57780203933,50503.00880808113,45933.85755847367,23190.50401930922,522000.7735767699,280659.11556623084,137915.97918851458,414539.0565096241,13332.523255428978,13738.232525147185
2023,000046,Company 046,Retail,243199.23742648185,49469.49972339833,54996.61484592076,21832.56911116225,585440.3665581573,322591.923912651,166711.45348418358,421015.8921360272,20195.14575591696,15311.44399800786
2019,000047,Company 047,Technology,485555.1816380432,95593.61087283815,68007.98477256577,37538.52598281083,416188.95378462557,206656.18737183316,55608.46307914037,194165.72235320418,29186.127451900804,35948.79245189186
2020,000047,Company 047,Technology,522499.23120886995,83133.24655366148,90067.50680005169,47069.49977415874,408426.3784225418,236629.54677164566,142916.24464189773,192086.5713868116,24059.32857024646,27433.057287564297
2021,000047,Company 047,Technology,539327.0546077109,111186.89751956213,80775.127218952,20351.056889410604,351227.1344102487,180792.40464566447,80901.14704021005,124367.79546485006,13748.056362621608,15669.599516180208
2022,000047,Company 047,Technology,588841.9435687222,90951.43891926265,94607.84549489015,66855.49953090481,370387.09459588735,141795.94419914408,94175.52160104841,152879.55220111934,61863.561220362615,67598.61829364495
2023,000047,Company 047,Technology,599635.2696644161,94558.52478741757,68769.18872255481,22149.082270577874,414369.9214719095,239196.51121239405,81524.0692764227,168310.28366534275,13856.719779586792,12638.968126624724
2019,000048,Company 048,Construction,310185.322881012,50667.702110492035,86556.16786627767,59614.5644093902,421868.3223322691,297438.5209370957,82412.38025872919,292407.8937953729,43852.866777899086,44750.56559756149
2020,000048,Company 048,Construction,346519.53168057173,47759.90590451004,116592.62561005013,33953.40425979451,362401.0477514481,193423.95314401723,149657.62700283082,229322.53675410652,24123.480051137038,16029.103794836725
2021,000048,Company 048,Construction,323895.00313305,51953.406043675735,77263.45046790113,47000.23605126103,422788.0994905672,266861.50372285536,130940.34255137476,278811.1955577017,27989.8238570591,27400.6764291793
2022,000048,Company 048,Construction,402705.4784262687,57062.57999916056,97970.21106012524,73139.60535703987,452781.2301181977,228862.9165663757,175947.24329341308,251763.68418016032,49474.19500974506,68435.63990067359
2023,000048,Company 048,Construction,441887.04838811996,67189.23011657891,111339.82662889469,74636.43959462598,384240.12507181364,190861.48686754485,96078.37854450873,267198.76647091476,51932.42032752461,31289.471100302755
2019,000049,Company 049,Bio,279053.01633404614,31537.51499087494,79227.38616514129,39652.64170261884,274003.8841731756,143768.0424446849,106830.18310980183,169958.90229880085,24611.96832355167,17497.08808343183
2020,000049,Company 049,Bio,351566.7513794198,51200.72418638583,105340.14301720541,65267.29480736173,290758.12984965916,127453.99249333098,99312.26649275608,155639.5341064597,46050.76801167601,27852.239524468867
2021,000049,Company 049,Bio,370115.74476431345,69560.18578946515,126027.11515447844,33532.62654786224,302543.2215386842,149916.73054323942,123238.56494003675,153737.6233756942,24021.77484497281,22081.601656275667
2022,000049,Company 049,Bio,345680.0314956568,67619.48724027259,103562.9411498409,37797.78180589702,285696.5042401223,118005.47213600542,94887.02067503825,187715.23157720763,21681.876816615204,6195.919903119844
2023,000049,Company 049,Bio,424238.1406090946,67419.42192118237,121632.04832475459,31146.37340501668,273502.7173012568,152040.12047661035,79057.43299989335,153134.48100779593,19548.733779667502,13781.28237905361
2019,000050,Company 050,Manufacturing,278938.67645140854,24222.805367524546,72180.68213583357,30102.731877782833,442690.0193007886,199501.23207294318,120328.62332948815,279060.09974399005,21517.81265715701,32234.174739494123
2020,000050,Company 050,Manufacturing,314120.02359869314,35992.70639267174,86390.24208599445,54633.70746303318,381890.32843142445,184609.25652378646,144473.40554831884,216943.30175793433,29684.189742230166,9951.124365363321
2021,000050,Company 050,Manufacturing,323176.0311049205,17932.61521580812,64522.81151765323,18736.95228478549,446309.2030007943,301869.59885939,171017.06270782603,317911.0768441009,14974.83977889118,16821.919344915455
2022,000050,Company 050,Manufacturing,348684.9424809842,28481.70386358159,91966.85054614412,37511.64490746238,481711.7779570539,181513.01552146743,207996.2604909068,314508.5045201481,29546.88119546973,32209.305391464597
2023,000050,Company 050,Manufacturing,239896.15115255502,24085.313189172906,56739.82476249528,15571.54634948362,515540.38345821237,324281.8647376811,122213.67129194783,327514.72248055326,11009.45851251144,10901.861632817005
2019,000051,Company 051,Retail,261159.8951261006,45386.93750446222,55967.07319050062,40155.19458090603,332832.87140878325,163954.55936608344,131746.8266035599,79360.64016848219,32923.868330468074,16275.02208691295
2020,000051,Company 051,Retail,335476.6980483781,62996.93160233114,71570.5206581952,42208.18558968875,330758.0010896404,210046.64206757915,148647.7389557023,122798.86097349811,20287.450208143906,23871.2472779183
2021,000051,Company 051,Retail,319340.95309488155,68310.88743050183,83100.83189530064,28412.511975534093,285233.540190716,117324.71000195906,38460.37714596427,96736.87145023429,13353.120105360878,10845.763148822842
2022,000051,Company 051,Retail,271286.73831904656,58435.04075908531,51407.64508068062,36584.573521059836,299890.9842748478,136897.03614477415,103197.87720524023,103540.42236057103,33947.93307893406,13038.186097133825
2023,000051,Company 051,Retail,268748.1622644251,46997.12235927794,54986.399591192814,33991.330210967295,338550.75028572464,146295.5640502571,91036.65123880791,115160.14617599545,29341.495541910004,33796.940801537276
2019,000052,Company 052,Technology,280371.22210908844,33061.14775376,50139.87550561149,17785.297786330084,452472.0690785548,256775.23592457763,89020.48379611563,183012.94645629314,14828.557977067034,14143.192847759898
2020,000052,Company 052,Technology,295136.3157251497,38944.366767707834,52559.763044283885,33061.04258242026,444476.9559897467,310081.16600926954,150271.66045034945,195682.56831338475,27238.82310191319,20415.556193922257
2021,000052,Company 052,Technology,334343.0482720387,52667.380629859166,38246.12045587606,17494.770001326753,450809.8103699112,178442.71555458533,115157.42138867703,151535.00561838134,16013.935527025007,15822.500994054722
2022,000052,Company 052,Technology,429429.2779512084,64478.47871337989,39686.73120434005,14223.6082952442,382486.6459301602,172727.5231281859,96551.5212012031,137138.76729770488,6407.664375771683,4886.872847801814
2023,000052,Company 052,Technology,373552.17218267784,60520.20286076681,59392.522286561405,21435.45328068445,427615.08300303563,153498.7888369933,184152.89621595,142684.43556881233,11005.591358897755,10007.457675518339
2019,000053,Company 053,Construction,531248.7330572084,118386.88816571044,85706.1799220031,37880.06658412798,740590.5333851188,514384.5842242688,125341.35619668258,455434.9986512478,24226.671241787313,21591.87721819367
2020,000053,Company 053,Construction,638820.4126115642,169947.96824870998,80870.85087140437,48700.300194885196,813197.7304394441,329506.2143627259,240721.04555765135,483409.4074747307,33024.82550414242,29580.481469160182
2021,000053,Company 053,Construction,795982.6735107419,202039.2411928155,97010.29093458156,72728.13183334356,957009.2601755864,337602.92079162766,165701.4404451647,515028.6249148622,34909.169988262365,15219.567255329783
2022,000053,Company 053,Construction,909229.4225428873,294796.7052366845,103606.16834981099,56687.826366530004,920317.424281572,392815.1782389869,281465.0304016935,513881.7436145602,44410.186622259964,13534.377591432623
2023,000053,Company 053,Construction,883701.4418062503,177060.67255992763,132591.4814367171,98556.96637342693,858323.3950020282,371069.02538139967,333809.7456585352,440818.31634501216,58326.069350613,61647.91789585954
2019,000054,Company 054,Bio,418497.9472053387,91596.73127624496,65327.56473523584,27319.36983667575,633853.905565114,258675.4201084654,78532.5967667439,440964.5662980797,25540.792910165557,13443.663128897459
2020,000054,Company 054,Bio,496861.42599083256,102964.62397998817,94567.53214605583,37045.201803983015,664191.2734756337,373489.8712304708,119883.19953357901,466256.8638294079,28725.07665932413,27702.837560834854
2021,000054,Company 054,Bio,600475.2179227255,119387.76428175125,109520.47696481811,66259.94010528602,692089.7837884089,425613.38032883464,282914.5145762851,427085.0960665862,39034.29895203998,63649.68805203492
2022,000054,Company 054,Bio,759522.8712281969,154415.60059588563,146920.53348946112,77051.56207365975,846491.8509231444,346490.36680098134,272091.6132533883,589686.4678520379,66336.79961999557,83882.50818720418
2023,000054,Company 054,Bio,884155.6267258101,172445.29502698014,138568.5629967305,49197.87617535424,903784.0894653993,643783.4813852762,137706.27651920763,706457.2789912317,36753.17468005911,-324.7728388033825
2019,000055,Company 055,Manufacturing,194253.7789579472,33598.60185821623,28994.71904192639,18296.726327582604,161413.01824706985,98192.44442937679,34209.8746626126,108713.3414610288,16907.526198261694,9140.435217569193
2020,000055,Company 055,Manufacturing,224971.52647199997,26410.55662168197,20107.957119156585,10765.102557017224,163114.81579983153,76050.21270950176,27179.080911863635,105441.86223309573,9471.569455216477,4790.896331242128
2021,000055,Company 055,Manufacturing,237667.4939966153,38476.14743225126,36618.594864882136,13367.675803999167,174605.20285449488,124770.23932638801,61637.82479314591,128994.64414514817,6048.772811774976,7922.7960305884435
2022,000055,Company 055,Manufacturing,250280.65692793776,41470.69255476393,39243.71002325031,18589.43291688537,181052.60766183725,113578.01991265871,80004.14671603209,108268.73368284802,14337.340757731467,10558.955351346649
2023,000055,Company 055,Manufacturing,340120.482770995,74461.99622228494,50118.9386126741,32147.24337161848,186670.11298031046,107784.12612602183,52925.92105699156,132222.82879153657,16904.04459561585,25442.300186412165
2019,000056,Company 056,Retail,435560.9433387523,44601.15633672665,151810.9400287854,93487.22748865555,453035.2742634998,233734.28837402564,56794.69751048324,241649.77263856248,80200.99153698883,131380.8224024916
2020,000056,Company 056,Retail,374051.7812004219,41144.894946547654,121803.34906970954,67528.25231794444,459134.9362891658,206106.0757727114,88725.18318773732,270402.5315785893,52648.881232399435,42255.80549317389
2021,000056,Company 056,Retail,402265.13879893813,43200.487240070324,147194.4265808991,77042.55350863439,522828.308792101,360784.07251413935,213675.55943467285,232336.12747227942,67422.34173049437,35134.65001382658
2022,000056,Company 056,Retail,504907.37803408597,51756.03314129412,191728.73612644698,72635.19419454782,564755.3895935658,233175.08636404382,245418.54653267536,227617.52529403986,67528.18726296691,70603.05046494036
2023,000056,Company 056,Retail,528648.8826003694,48013.58757595047,209110.58627792902,71797.29572311418,619641.6607255738,431859.8813045059,136068.2289888718,288849.89905078185,57838.565940013024,53489.13427526648
2019,000057,Company 057,Technology,405362.6256430382,84127.7052463014,92362.97034142789,44065.403879134836,640949.987629132,269490.7659594858,117737.6972268817,182395.0184755317,22668.94918946027,17955.81679290835
2020,000057,Company 057,Technology,369697.81876715116,67507.92670329378,66925.57405867506,18168.8754508256,638277.7521331903,393757.6843180159,236888.56610205592,289354.9147338212,8692.150613998683,7375.089695038709
2021,000057,Company 057,Technology,392078.31719453447,80512.16939911254,103306.57831768565,29115.07836739849,680180.1745626316,446193.4097210039,225162.19507956272,170855.57949674068,23462.635126300447,32699.129549610734
2022,000057,Company 057,Technology,371912.57957505726,56282.258019552566,60777.587333991694,18956.144497404715,706779.7175629089,296049.7666867412,162189.88227688326,241167.0600761071,9069.69246551058,7121.635167490957
2023,000057,Company 057,Technology,429972.73876580544,73882.93889102976,88490.80106401336,53754.81239771097,652941.9487343226,373677.2466498356,227167.34096242732,245907.9829001181,29257.671405319084,46495.50938124566
2019,000058,Company 058,Construction,194211.64546234813,42796.282250909,86803.83589315848,21890.348516221224,369636.8533517437,198745.1034363456,158653.6636364128,219040.21613023928,15230.35416151976,10135.177641658656
2020,000058,Company 058,Construction,211800.5382253538,51092.436601513116,92929.89963174898,29890.84828247731,429351.03705967154,196075.1171252891,79155.03883002633,248306.89474584273,21722.148283142495,11142.160613940381
2021,000058,Company 058,Construction,233692.53234345582,50949.82656137739,100898.8230820548,33009.23757866534,454490.1115991113,315763.37209208106,168751.0680176768,275710.4444709424,29983.61555775848,32364.226900196678
2022,000058,Company 058,Construction,268020.6330839562,54173.741066381175,106315.05763519365,32398.840079901107,442233.35736503697,170384.0118406032,104394.39748648184,282709.40506972064,27387.530158162546,44922.90528933797
2023,000058,Company 058,Construction,277508.0433866459,54153.259691905,117394.5919662609,48754.00657016515,593997.3388163893,268172.4822834132,230421.75510906716,344694.5465353321,38894.77708688913,40205.61857325228
2019,000059,Company 059,Bio,308470.3990313946,56631.783468290945,68278.05031084667,22676.963097048567,634634.6662695566,253245.97298660362,275974.52241230983,238088.69690644724,14232.111062721238,10308.302283184144
2020,000059,Company 059,Bio,340630.6769022134,59503.03354219434,80907.35562232298,24872.323826600434,604422.2823565286,335938.4046979991,141451.25876417282,239503.6057662447,22129.197625542005,27039.283624095176
2021,000059,Company 059,Bio,283075.12124021497,55087.54067424811,80355.62325107132,21587.95171262631,680766.1064038302,440782.7308254272,104479.60249406239,212273.85609124115,15816.59143022752,18845.974745884003
2022,000059,Company 059,Bio,249719.67313209464,42975.52612619737,63512.28837420375,26633.739464002087,641206.8310213238,278533.4383843361,116890.10494730234,225532.6629609241,24656.746189485824,22424.540666382632
2023,000059,Company 059,Bio,299067.24374121934,55331.8735210501,88462.9525425187,53259.95612649379,583384.098250708,381142.39709913166,163081.90644574256,193746.95739311204,32590.48622880997,35854.02865262794
2019,000060,Company 060,Manufacturing,290386.8863292284,32994.56544454433,42530.868139393584,19848.60148284223,262142.83670058442,125963.7231411959,93781.99840273448,117500.45849526451,13810.317176518822,17962.277024883755
2020,000060,Company 060,Manufacturing,361679.19575021946,19704.80845241414,44086.716901144144,11605.367546800357,274866.4997832429,192057.03714627426,61934.95667971764,105735.69773046736,11021.66935039851,5463.409000156935
2021,000060,Company 060,Manufacturing,412323.71843304654,34963.87061305494,91747.91025852229,26219.924229320553,245929.7215833524,171008.13988353946,105547.91088734401,102087.20145170254,19883.07893221976,24047.562345001254
2022,000060,Company 060,Manufacturing,485795.9903574409,60170.96808690735,73664.81844393788,29879.30152852797,242897.99517872045,86134.61531233668,63938.46511955876,98292.40450310257,25417.558863597485,12138.063876890177
2023,000060,Company 060,Manufacturing,570035.6035983617,71113.93552191231,100255.67255170477,36244.2366458248,285017.80179918086,199322.60784180317,60064.7622424538,115408.75231118144,20707.67421095168,31589.672942414574
2019,000061,Company 061,Retail,291837.19367798144,40733.48830620761,56542.90785657892,28356.134092199878,312580.90653450304,187110.4326267828,119569.4849983786,233071.56572794737,23731.95414107917,21071.195779352565
2020,000061,Company 061,Retail,295037.16699166986,29916.130746569495,90005.21446721289,44799.70583557059,265168.138510278,127767.94470678881,80875.70597478746,206498.23855727134,35345.68667443028,26685.651135002656
2021,000061,Company 061,Retail,362773.8003260143,56202.728730758005,85420.48392295148,34796.03043743534,256138.74388471985,120953.22744736624,89401.34916556106,174355.24648413743,18007.82965196469,13989.167259247086
2022,000061,Company 061,Retail,410665.0047601748,59631.35468617609,118886.63358651375,59874.19954899655,251451.56153468977,127487.06787457711,31014.709822463854,180812.8152905764,40562.53171769186,51871.24986120993
2023,000061,Company 061,Retail,487409.5443060959,159856.6144447399,102041.50386292407,49793.26264242683,339170.74541773245,204703.63736307345,102145.59846424613,305065.16651583207,33343.362761697164,-7410.886664852969
2019,000062,Company 062,Technology,375629.0452622359,16776.35213482986,124986.42848395114,71739.92119179704,531358.7650475615,199507.2264160732,210077.74003221394,399183.33045183634,64824.0985705956,63038.05728184329
2020,000062,Company 062,Technology,365261.4133616208,31154.32232958328,124588.19488810276,37427.00251427886,538730.6032320056,319883.72684274573,88466.28967225536,389494.8508582184,17859.828273361956,20017.241588202207
2021,000062,Company 062,Technology,335943.9126405699,25570.10088772874,122638.68988375687,82798.51105943377,472572.21096037526,315906.98414547776,110085.12686453015,342821.10591645306,53927.20975583031,54582.79696262755
2022,000062,Company 062,Technology,379653.4380096694,32818.009392773696,134679.5101630557,88997.10495887764,448137.9145800058,250121.63630643376,136237.30278350523,269718.0444285117,51079.96358618939,71049.54552914847
2023,000062,Company 062,Technology,376550.1750724588,33497.43091095102,128198.48153374832,70268.11385074892,420371.9836403822,188197.37160833392,76504.89331754054,320045.69387747516,44422.15160215033,42667.578273329826
2019,000063,Company 063,Construction,240726.86682911342,32635.375149504216,83831.87528154466,62491.03975230716,411410.4522873636,263074.37793129834,176658.22283751372,252757.69118286626,28759.719524652915,30591.991235354537
2020,000063,Company 063,Construction,313953.4008499067,42050.97220295521,119074.97088076934,74500.67108238181,400347.2409678533,257590.4976950638,129915.00907478589,241301.99465684863,45086.4126519782,15585.816559896066
2021,000063,Company 063,Construction,300315.81471841777,45159.02998644955,115478.93133471429,60780.69366307553,374441.1024616542,190951.52222527357,147086.42744812093,225996.35533866467,55678.466229407604,68970.48966782038
2022,000063,Company 063,Construction,290496.6526163296,28435.21822375301,95591.81228535464,57354.180292010824,428804.5159206778,269031.8931560303,147169.97488949634,305235.72265951784,31792.722141656515,29754.17803461118
2023,000063,Company 063,Construction,225026.29284178765,31281.43962697269,80053.18028112383,48714.6403734313,359233.25347331254,226522.01119479424,89583.43781132365,242660.0061568166,32006.19055217374,44166.55950370964
2019,000064,Company 064,Bio,333344.1334756784,63180.710843157394,108430.7595467655,65452.44942124662,479814.261225625,343325.05073446437,211365.9715515248,284070.7068503655,54174.06103771026,27209.524015850075
2020,000064,Company 064,Bio,376147.6077336253,67297.6341569901,97965.64143025473,67020.21192211646,467752.96429763717,182691.5301070397,114931.7281324228,286398.9571088203,44646.36183917207,59696.74872760543
2021,000064,Company 064,Bio,382632.5492905888,76860.7063781923,96736.65307265121,24981.817867388887,466754.90695108136,245133.09529742892,81329.69921891809,329590.2226324806,21176.130983589686,30951.662159699634
2022,000064,Company 064,Bio,363503.49399567733,55554.09141361397,95286.8716214762,49744.42040165163,496455.65505596,336487.12667774485,96477.10884408694,269742.44862672396,34098.60976296961,38258.92680329391
2023,000064,Company 064,Bio,482843.9773788901,62291.200404174,150454.1462954872,79229.0504937966,583953.8912593503,278717.5439036015,170131.82128517472,387665.9757832653,67309.33491341694,33103.857107608084
2019,000065,Company 065,Manufacturing,347163.2595363385,78198.72749317522,107787.6237971138,73335.10784843624,575171.8433562724,304079.49077763414,227927.09147251962,299340.19041854976,60939.574456757975,52832.118522786106
2020,000065,Company 065,Manufacturing,313277.3904194931,60723.00398516717,87223.77313740007,57572.25838830935,543231.8889397882,241721.93713039302,198791.79132323456,304821.23779831326,47950.18115268444,55533.09827277519
2021,000065,Company 065,Manufacturing,322156.09602194326,69836.31347349683,75856.60650227754,33773.125275254184,636783.8024149145,336959.8802826808,240187.2023569106,337205.94486497645,28772.722621397486,16894.82439109943
2022,000065,Company 065,Manufacturing,362874.0600696397,67219.2218061126,110114.70627181865,75398.68443841877,573497.9897062931,388059.465725585,248853.61417285516,282124.17869810876,44742.91973381225,41564.72783084536
2023,000065,Company 065,Manufacturing,385239.8772621587,70382.39971328291,104935.48303884939,33747.0801820433,634106.3197621297,279765.2134770617,117725.46207096656,371313.63063120935,26256.031647538017,12779.968349694029
2019,000066,Company 066,Retail,195465.4287205897,32188.77021517569,50386.42870721479,19588.004294214385,326930.693600378,168970.41794800566,129372.78598907164,183123.96734269903,14305.637058279692,12819.114552729601
2020,000066,Company 066,Retail,217473.0523922722,39546.18728769787,60417.382818803344,44260.02608510443,331298.58328781324,189362.84810432408,85201.88709486951,170335.324586514,21284.911242999784,27922.25545167313
2021,000066,Company 066,Retail,182343.98840369948,34964.918682319716,40718.24981999193,10794.610564782808,375257.1317273098,244614.4915128702,66882.77156942639,220337.7273641968,8937.277623580818,4561.415104399943
2022,000066,Company 066,Retail,189257.80089560818,45419.11746826089,47536.15498679894,16879.912033078843,442100.89714577864,205321.55913948393,82690.26877146914,259762.4751210834,8295.938488070771,8935.904419815875
2023,000066,Company 066,Retail,198831.67094872377,29948.46103490919,47687.83617062127,33143.39602804892,432888.95145826007,260338.03376377182,86299.1279212817,252603.35099134967,18414.81874666991,17999.70353796114
2019,000067,Company 067,Technology,282096.9772157766,51511.02535870282,70325.68128055416,37677.53936624274,412323.55329508433,186749.6023295198,56735.898959643935,228675.9955175563,20176.387950506574,15134.35762977497
2020,000067,Company 067,Technology,233931.00705996584,48668.4836060844,65830.66194343171,47802.47131257746,486380.63908251806,280933.5389898403,119584.15840216243,228730.8790608461,35858.38524736182,52490.531235117196
2021,000067,Company 067,Technology,271885.6527256802,54368.42769494622,50546.686270115075,13834.229567992736,503943.3558872145,181000.2334179802,131987.18347364993,220024.7880699583,7913.613561010343,9904.801180075092
2022,000067,Company 067,Technology,330315.82887407235,63600.7435118783,66363.82134799083,38825.92718484963,488757.3176763175,250460.26199949163,177069.13814502317,235859.65888557784,32193.920628294167,53369.089869818454
2023,000067,Company 067,Technology,352123.37747931044,75535.28697154703,80213.85523172536,52211.271230816346,463044.86848730553,322201.80473086436,128179.35578946512,196147.50672308542,36937.9007891459,18403.89211610564
2019,000068,Company 068,Construction,356010.1084161884,80933.69402473922,66380.38341105898,35630.529150947135,470936.49568885274,265743.19106369093,82510.94928783884,338154.70930097945,20576.941687353723,29843.483231301878
2020,000068,Company 068,Construction,389250.87365760154,101788.31070724368,83056.38249858232,56332.825354339926,529955.79554229,285635.5217371833,79358.33875295214,320268.41818579886,32396.192522641508,30945.168884192077
2021,000068,Company 068,Construction,432970.4800055282,108844.14366915433,82095.9363380812,39025.8462418755,528393.8755921144,331823.6887277628,144420.0084178808,297463.55910178536,22667.283061805065,25404.565343858747
2022,000068,Company 068,Construction,488594.52033989865,95376.53879904236,75168.16694573007,22114.107722549936,579498.5834162446,256147.32184473684,80710.67657695267,356583.0988679801,15618.673635867832,11376.033204225856
2023,000068,Company 068,Construction,553577.7626023174,128603.52825945985,90327.86266957053,53324.32097224738,610604.5674761977,398475.59061279555,232945.81536080033,476883.1032437534,42778.32436883823,51394.80977072612
2019,000069,Company 069,Bio,284092.2245818149,55565.17971238621,103151.31456278973,32383.446668380115,529732.7068642344,253811.66005338356,185611.8415017771,134249.00786732225,19831.14716669155,17228.42825307281
2020,000069,Company 069,Bio,294542.74006782455,64383.712635548145,115327.14802962024,73714.83362432719,582544.1917420971,293400.7840491665,122481.04432880314,172734.70194943232,40787.51675558492,26461.347502293356
2021,000069,Company 069,Bio,341666.3901288254,79786.66807214211,139509.09689015552,78793.72065619101,631765.8008314929,439837.2120856376,242216.18793804455,213567.65620931116,40876.46250471897,58676.014090935765
2022,000069,Company 069,Bio,372313.8272703558,85331.30626464583,151644.98899776576,59128.346407575045,696987.7980370627,420811.4471139297,277060.7865006765,190798.7528495376,45166.72757241097,35854.62012813847
2023,000069,Company 069,Bio,371032.10445307574,76178.60788366589,143096.54307308188,59230.666985249714,832513.5540518877,579574.7163877869,271432.33694668487,269799.0041580474,45042.60453764767,37009.81554760552
2019,000070,Company 070,Manufacturing,162970.18705265017,35119.276517642604,20397.341865077036,11755.27418080601,197835.27270946695,113756.8049446058,86355.8100430464,91001.27179479103,9594.179376726855,10447.687751613716
2020,000070,Company 070,Manufacturing,134894.58653839875,29074.546491157314,19030.12241045535,8247.113635527274,196962.39471379295,97428.51749032224,62885.22866737425,101664.42679138124,7027.7443429949235,8957.851232129606
2021,000070,Company 070,Manufacturing,156147.9114936957,25444.80290086596,22577.963874871697,13274.826657656246,196185.11190453064,93614.18513638814,84997.87238368773,83301.1985353055,9715.88477832008,8988.082947103272
2022,000070,Company 070,Manufacturing,127237.2803647804,19116.142570552674,13184.948032713737,4031.4385705794502,211391.58008895375,83363.38566344851,95059.24340863078,95857.0072538631,1818.0371061360183,2860.553077906398
2023,000070,Company 070,Manufacturing,126719.04760200164,29813.040607728995,15299.918789623995,9278.530879979684,209766.31657769374,109401.8455462862,92625.64667725368,105078.36523913094,8753.793784220894,5082.436710024468
2019,000071,Company 071,Retail,403535.71204384393,51303.484660952076,100805.23700074409,45365.7112680738,471941.4409216232,188490.32452757307,86584.0914520602,157914.4615897408,38794.291584840495,29700.963227962387
2020,000071,Company 071,Retail,414868.93436560343,72379.4444997559,113206.79197074275,59264.67416827306,545033.0105407918,356101.4024991854,157367.90688655883,201209.49255427477,52313.87184486673,48530.84689572384
2021,000071,Company 071,Retail,428396.3718485157,79839.38322701168,128683.85581572725,74666.30735144227,548899.8196118294,279546.91379793937,105326.35892589977,149769.8035451246,46517.141856678594,41296.10419268741
2022,000071,Company 071,Retail,410951.91761039814,82111.81412238754,120040.07384343393,38343.88382027489,649408.8197801631,445933.940372275,191816.7252627234,163710.8510782525,27035.62625873863,28485.048816703697
2023,000071,Company 071,Retail,534467.7165410538,71837.36294069709,145342.22535844875,72503.76051575146,680970.0277020931,261826.66897485763,98130.24656056186,238873.6366157595,39546.63770863147,18830.818397240688
2019,000072,Company 072,Technology,274018.3524400299,17845.619900254616,110743.75464544103,67272.22894967826,497495.9760670846,186813.4265235343,157110.34432238233,149374.4686554115,62123.08568470714,95202.48810921606
2020,000072,Company 072,Technology,301682.0381679852,28940.58969299817,106171.51819172158,41080.327847153436,545397.7701485908,260482.1643612717,81710.63727363887,204506.5890567029,27361.35566134945,29053.48866912048
2021,000072,Company 072,Technology,268727.2100990072,22378.334067277454,114188.17637257099,32906.8516346717,583378.3447826927,247850.73353623154,80550.23064902921,208667.14013537244,22927.588217389817,18462.169064951177
2022,000072,Company 072,Technology,275694.35295561433,17949.01861154526,93823.82943671354,40910.868068759824,564368.4818408631,212529.26310297544,108721.7821947601,155176.1637635208,38669.81528681636,60975.12545392559
2023,000072,Company 072,Technology,269423.82647212775,30054.30176882178,108469.92175096019,40009.91028552419,605062.0459938403,214934.27419544559,91622.78573845411,288733.3231815233,24799.391980570897,14464.392269276399
2019,000073,Company 073,Construction,192550.49271823998,22117.004126978918,52378.94912066801,29128.545838450642,216110.60913014913,96731.28922976757,38225.900583486284,149567.57886806276,13734.15670749477,7752.002478200528
2020,000073,Company 073,Construction,220770.36611793778,31608.809392018688,67383.60036026854,41146.78972243097,225025.4691124646,97217.29097068701,41363.54462726541,140218.01825832005,37080.86805555109,39786.22836245477
2021,000073,Company 073,Construction,265563.3309410789,33509.40697556345,84318.99738917072,59241.950965639204,242948.45108544323,130955.17836066922,57620.04123009308,165616.25167074235,42836.0624787671,28133.092044121462
2022,000073,Company 073,Construction,305767.8425408061,36600.84867555813,98076.7220306946,46213.2411228211,282720.34043436457,177773.19540351408,46547.93530361308,180823.4653764251,31900.073558992986,29566.027432901126
2023,000073,Company 073,Construction,307906.68850502634,21829.282934089064,79662.23711634995,46564.068478198584,294763.1558065707,162842.35353882634,79007.51353787194,218540.41315808627,40735.57889403608,46069.76710749908
2019,000074,Company 074,Bio,258227.31585753002,53005.48222567996,87198.0735775849,34064.58900936919,309958.3151987614,188215.82796461516,130284.65230800283,206073.9459711818,22020.335459745056,18962.96279986408
2020,000074,Company 074,Bio,298707.89922328794,75437.08384915844,96610.56985261633,55512.86946892492,346385.5210716272,194798.26541535,59425.76460022643,214391.3897014932,35235.99024061972,38899.59553747617
2021,000074,Company 074,Bio,363097.8587733146,91299.29184572109,108956.2617566425,56617.812979906535,328786.9740357021,190137.0062631814,47401.60451453999,202565.5317053908,28335.833901936872,24482.096146778404
2022,000074,Company 074,Bio,354220.66721905244,88799.39913215488,126794.698452336,69171.42871487746,300731.4085221814,174443.6416975916,104242.16915857936,190862.99157623175,41331.31694488671,46059.36549100031
2023,000074,Company 074,Bio,336884.22453193815,85366.25777861089,114133.40987580673,69164.90498266059,347834.6173797151,215418.5956367889,146806.29742262434,224140.11117297143,42246.6964738149,54440.894711745954
2019,000075,Company 075,Manufacturing,235773.11704854705,23912.20178386215,65435.805719398406,42474.76893694245,352358.58299597044,238971.15458693838,87078.91575749406,201800.52342367842,22353.740424959033,25830.645270335473
2020,000075,Company 075,Manufacturing,268155.09749426506,34747.64801659201,97291.31776592863,54814.71824658047,340921.9455781836,173239.07774852708,98324.46396376396,217691.46155015525,25224.86928402224,23686.804440719585
2021,000075,Company 075,Manufacturing,233925.6131910712,28493.4195934357,68281.45019197311,35129.89241257275,321740.6379573955,116595.24247966892,79273.45729736578,218268.64308321045,20291.182178481147,22111.019615910005
2022,000075,Company 075,Manufacturing,231490.90624227363,31235.556377266144,74731.37802845161,36393.600923889615,353016.9077840187,199427.15840518416,43098.82237984296,228110.9295550168,17670.683593319034,12754.238225344796
2023,000075,Company 075,Manufacturing,226469.17141337995,30781.881056581533,61628.762145089255,27620.773501840846,373542.4192033163,219022.69608624207,75504.24509959535,232697.87214999954,18010.87851978636,16099.878741529483
2019,000076,Company 076,Retail,416813.3793715508,115438.88276507967,97674.6104679678,56357.62511035564,721737.3286100766,492630.65504392417,259462.82119586298,434797.4414479631,45069.86092947947,15743.486657884365
2020,000076,Company 076,Retail,417909.2300102243,127954.3336247486,87914.0341162859,25038.400522567197,805072.26858556,428701.46900812036,118067.61635976161,414764.20332929754,18182.367932371733,22477.02618642818
2021,000076,Company 076,Retail,466686.0611589154,122919.2200722081,99705.69339889988,33650.9189064033,819590.8072740952,317897.9918268421,153809.90011285667,526347.1190797582,16923.2915529998,23637.858093225652
2022,000076,Company 076,Retail,583795.9285080129,153674.43653323728,131513.7419090848,62390.53893855575,854819.5893325756,363229.5789434903,299835.9780317813,489796.01631507033,42093.45979996064,54348.13682273661
2023,000076,Company 076,Retail,565214.3957412033,131765.0131226311,130280.34358086804,96140.02728577798,826304.8300363134,498489.0315300892,148710.7060866817,494962.6371227077,59340.64806994506,50053.32873131812
2019,000077,Company 077,Technology,297242.3323579203,28169.721950000487,97639.34655030485,62147.29889890614,445681.57017939753,167063.8358191439,78759.46109992768,242582.9760090306,54943.02325192276,48136.205188216714
2020,000077,Company 077,Technology,326094.486128881,47446.2582507512,75577.8544127197,38121.21048738636,446545.0850375904,274920.9147721343,92391.50807645882,207615.45624923025,17550.754174927817,25607.977469135803
2021,000077,Company 077,Technology,361602.6041255332,33580.851706719084,97707.48689759981,50356.30881839282,426948.1811634371,283103.85941574007,61187.96595641476,245240.29011686216,34372.414118614855,16678.307210289553
2022,000077,Company 077,Technology,408366.0519114583,42616.51987352182,120926.3082516993,79626.83378485874,386581.4646029324,233406.63956064344,111683.92182974488,222974.32990955558,68300.02640177171,79396.64304942334
2023,000077,Company 077,Technology,436778.2659023923,36350.92626567733,118660.20996555565,32160.85891464896,373198.2171161389,186508.38735928063,150295.54509996963,191196.34281366965,25728.850413484088,25155.747133217275
2019,000078,Company 078,Construction,188918.63592905796,53929.667793179025,37212.88482126348,10872.579626313121,262477.72698507813,98206.71789281466,37986.868495106464,99414.7789454883,9293.768002396684,9750.560225330706
2020,000078,Company 078,Construction,159991.28447429108,38458.77777898604,22816.23150480354,11086.243982150922,219408.83684294726,134745.20964882366,98539.26111888757,84331.23628653896,5056.521593085163,4819.349782939603
2021,000078,Company 078,Construction,188054.04589638257,42093.036385191095,31575.68933876662,16109.209183622528,252805.67067875082,163129.08193602992,51909.7657892785,78085.18285459004,12240.40025912998,16810.136378035222
2022,000078,Company 078,Construction,211008.55733565343,47004.69479245429,45487.40939813302,23899.805077876757,306377.94964760786,177349.90546738947,42721.9730443168,85911.84908641761,17338.883352854642,18882.597403146458
2023,000078,Company 078,Construction,277163.552550915,70689.49368145403,55919.43278941901,40254.169822438314,298155.5411269441,111814.11298174704,82421.68583813455,112209.29989816024,19529.53467618853,19949.843277550273
2019,000079,Company 079,Bio,290811.51359423314,21941.072327946706,39207.78657470714,24819.183801219213,413240.8482791184,278753.6331197203,120444.58224451778,281350.4978754236,13438.386581145487,19660.105030672257
2020,000079,Company 079,Bio,298139.26360338595,33905.04998663119,30496.000468931546,22143.157001526455,411859.5087244661,191983.39355736692,115498.68543566782,293110.97342269676,12652.367246552034,10383.679268853677
2021,000079,Company 079,Bio,327337.72908636014,29458.040220272705,60039.0888151178,32684.402869608133,474424.5547721086,191786.3933011399,124559.5969784238,319254.86304400465,16649.88492297238,14744.479980420125
2022,000079,Company 079,Bio,292881.3771274148,32664.333532916175,62297.79274313913,21656.009268953036,442035.2667517783,301302.50409779744,56867.43378165031,284592.6662708613,13211.300059566416,8118.863262530762
2023,000079,Company 079,Bio,364080.3565801902,44275.45321300634,52234.87384180343,17087.166530970284,347474.73250700714,214201.48185011672,108432.81887842959,216058.02162377897,14184.875310859288,15530.262293231408
2019,000080,Company 080,Manufacturing,296050.1522699313,27879.254313629066,117615.35034806847,30546.046598149638,328262.89808523504,148066.02930526328,90125.0563316358,142279.23828576237,27785.02150985531,26495.416951897514
2020,000080,Company 080,Manufacturing,313823.5567724636,51137.51215955665,112048.25553333992,69609.37879081936,349915.4913524968,141975.24342045,71668.50303310827,165062.5841265371,31810.536615237514,29900.714682426104
2021,000080,Company 080,Manufacturing,330506.5513364663,32094.214385351635,105274.32501818491,38342.82893934014,385363.4775948714,219316.76962208605,94474.84837629733,152128.3092332858,19901.936192609985,12406.291005883122
2022,000080,Company 080,Manufacturing,331325.71758451714,40573.615906813764,120604.8957319907,52583.96107853932,441050.9920899746,248337.483070569,135503.64840133506,240803.61872155275,29875.317236048806,34418.35095829767
2023,000080,Company 080,Manufacturing,314379.0626520078,31087.4117940761,109349.19532184424,77199.85653316262,465378.9169184151,181760.75295525053,126191.83006480258,216630.8249463486,53629.165326177805,40430.24842770334
